pii_score,toxicity_score,bias_score,injection_score,truth_risk,retrieval_quality,verification_confidence,contradicted_claim_ratio,unknown_claim_ratio,cost_anomaly_score,tool_impact,tool_reversibility,tool_sensitivity,authorization_status,task_risk,application_risk,label
0.2852142919229748,0.146398788362281,0.17959754525911098,0.015601864044243652,0.20919616423534187,0.7145209030420498,0.9559117062394883,0.0,0.12022300234864176,0.21242177333881365,0.0,0.0,0.0,0.0,0.10823379771832098,0.5879639408647976,0
0.05454749016213018,0.03668090197068676,0.09127267288786131,0.052475643163223784,0.4023615130494811,0.7728072850495105,0.9101335210500283,0.0,0.027898772130408367,0.08764339456056544,0.0,0.0,0.0,0.0,0.2465447373174767,0.38242799368681435,0
0.15427033152408348,0.1184829137724085,0.013935123815999317,0.06075448519014384,0.2193668865811041,0.7162628982463198,0.9707993967056,0.0,0.19312640661491187,0.24251920443493832,0.0,0.0,0.0,0.0,0.2218455076693483,0.23906884560255356,0
0.036611470453433645,0.09903538202225404,0.010316556334565519,0.0909320402078782,0.2811459871200119,0.8656305710884955,0.856107993696094,0.0,0.10401360423556216,0.16401308380298388,0.0,0.0,0.0,0.0,0.17394178221021084,0.5878338511058234,0
0.26844820512829465,0.11957999576221703,0.8956882194448044,0.00884925020519195,0.23718800369340165,0.7113068222276344,0.8585594595373875,0.0,0.07773545793789641,0.08140470953216877,0.0,0.0,0.0,0.0,0.43149500366077176,0.3427013306774357,1
0.08888205171122472,0.0330533878126005,0.004690922022358179,0.04234014807063696,0.3764170627228989,0.7733720436795095,0.8025343680887153,0.0,0.039768480817761034,0.21340258582459498,0.0,0.0,0.0,0.0,0.4160702162124823,0.4423839899124046,0
0.2744879026631342,0.17000771555795988,0.134835202241461,0.009541011649041132,0.3595727765387865,0.0,0.0,0.0,0.0,0.9713244787222995,0.0,0.0,0.0,0.0,0.32449737033908044,0.3531707499015159,1
0.16838315927084888,0.1541934359909122,0.14813867890931723,0.05227328293819941,0.3992787128509848,0.0,0.0,0.0,0.0,0.1909231233791341,1.0,1.0,0.0,1.0,0.22574239243053068,0.4034282764658811,1
0.18132521378334518,0.10796821826033463,0.060918367420430816,0.0942853570557981,0.5192058265419752,0.0,0.0,0.0,0.0,0.0886901057513142,0.0,0.0,0.0,0.0,0.14219770393210826,0.3826138281931641,0
0.26498407767566046,0.06486900420105479,0.036626386410202,0.03562978380769749,0.7347799090820278,0.7680330623461588,0.9165842216974452,0.0,0.00010407539906316378,0.1057706569002507,0.0,0.0,0.0,0.0,0.22191250326321163,0.26586234125717667,0
0.2077308098670811,0.053882466759704296,0.07323765667433225,0.016829104217293056,0.2531349537011492,0.8395255005043353,0.8726905107904473,0.0,0.012978449421796313,0.07617462418030341,0.0,0.0,0.0,0.0,0.1987504251354405,0.47852170913591535,0
0.29932214551468256,0.053356202855057,0.2929844867497959,0.04110370133182313,0.12313551303038388,0.7862678120066707,0.9141832420462455,0.0,0.13614109031095337,0.15928037499514092,0.0,0.0,0.0,0.0,0.2791132658292367,0.42115723562853113,0
0.11089633681842133,0.048431987655485176,0.24094192691396876,0.047030063444603844,0.7883961986263901,0.7997061106111383,0.9469577371794891,0.0,0.15966902499691024,0.04521526318962884,0.0,0.0,0.0,0.0,0.30327951069628745,0.47832512271635275,0
0.06607231426966449,0.14222990648760356,0.2428503138419146,0.034866598729172936,0.16732358576399453,0.0,0.0,0.0,0.0,0.2513130317721984,0.0,0.0,0.0,0.0,0.37027604681571236,0.49408644769630883,0
0.20873531980352464,0.04571000435945993,0.05248647812878086,0.09821683433294356,0.46164512388971,0.0,0.0,0.0,0.0,0.16748803608212928,0.0,0.0,0.0,0.0,0.45305453727573586,0.27548284333655176,0
0.25399834267149174,0.1712648583756185,0.12135243813665703,0.950253079192311,0.695649914137259,0.0,0.0,0.0,0.0,0.1742059864309364,0.0,0.0,0.0,0.0,0.24891310662469723,0.5760533769831113,1
0.16462013680997584,0.13837903953853867,0.19558837785078015,0.02242693094605598,0.5985254549432751,0.7593122718742,0.8585719456686682,0.0,0.14929828102360485,0.1948898697141644,0.0,0.0,0.0,0.0,0.43968936419767124,0.4630451569201373,0
0.11031474091783006,0.05304047353634509,0.07319689301372508,0.09730105547524456,0.3751684072667323,0.0,0.0,0.0,0.0,0.15079112793155763,0.0,0.0,0.0,0.0,0.3307615538505436,0.39700707752754555,0
0.08423170873225673,0.004863193286290768,0.19364168877215035,0.017711067940704896,0.8940994751148137,0.9384821442506468,0.9646755902396807,0.7861462345854191,0.07403174005108888,0.004636984958660229,0.0,0.0,0.0,0.0,0.4713274250350902,0.3712736593269257,1
0.09170910578615456,0.03818220623006921,0.08054245706704705,0.04852798742763157,0.3608808069658346,0.0,0.0,0.0,0.0,0.021124839254863168,0.0,0.0,0.0,0.0,0.1835674870461441,0.4684574067296202,0
0.08858717652568161,0.0645101528477201,0.25460093847740234,0.013662133144202882,0.596237697837083,0.0,0.0,0.0,0.0,0.07686208307833742,0.0,0.0,0.0,0.0,0.34460548434627225,0.23263767216009615,0
0.05828218605361267,0.014188183399985533,0.11903514816416651,0.005076853103939694,0.7206320042654619,0.0,0.0,0.0,0.0,0.20160784058855982,1.0,1.0,0.0,1.0,0.2312610669898928,0.2620166466910977,1
0.17724997817070323,0.006100049987809886,0.011204456624764325,0.08226005606596583,0.352133448987884,0.0,0.0,0.0,0.0,0.06474630824905295,0.0,0.0,0.0,0.0,0.34915619032760015,0.2341389859975072,0
0.16219053648303194,0.1274859802996413,0.21782740011679846,0.09758520794625347,0.46141024381083673,0.7807391182353114,0.9431335150583666,0.0,0.054166450252414844,0.13169142621169083,0.0,0.0,0.0,0.0,0.1313825525369064,0.210140297366183,0
0.2087922618281094,0.08179058888285398,0.05198829602125373,0.015643704267108604,0.2751700287152168,0.0,0.0,0.0,0.0,0.9435672898677891,0.0,0.0,0.0,0.0,0.4819461122652776,0.4951587666783074,1
0.014314838307494637,0.9745807937558416,0.04759393429274731,0.012016464780564218,0.3393157667014811,0.0,0.0,0.0,0.0,0.29385315858645256,0.0,0.0,0.0,0.0,0.1701321079557354,0.2068644407327001,1
0.051960560973004555,0.08677032984759461,0.11955142031921202,0.06158500980522165,0.5445655556073508,0.0,0.0,0.0,0.0,0.1509408775740263,0.0,0.0,0.0,0.0,0.4425959364753289,0.463477452647578,0
0.19272578346189467,0.005302262108324363,0.175732674382039,0.09402302414249576,0.5028319245131153,0.7970424815516304,0.9157918793196236,0.0,0.09165057809830333,0.16368503679478047,0.0,0.0,0.0,0.0,0.47658592351061013,0.3544410551203097,0
0.05873734043678893,0.013872260175033091,0.030233400413227994,0.9748018727146703,0.1661100725291499,0.0,0.0,0.0,0.0,0.25346259329083637,0.0,0.0,0.0,0.0,0.10930877429433035,0.5257873930355743,1
0.10450098133595921,0.18732963037114148,0.011755898002693875,0.9888206480370998,0.7773063860641732,0.0,0.0,0.0,0.0,0.17277737257742537,0.0,0.0,0.0,0.0,0.3926591021198561,0.25107589176898626,1
0.2792271976810694,0.17168255036860236,0.1286982082125055,0.07508710677914975,0.6281800118592776,0.0,0.0,0.0,0.0,0.24793723983232246,0.0,0.0,0.0,0.0,0.2280198404122447,0.5582092913984802,0
0.2716145929257791,0.018257335357226713,0.09579409127712446,0.0950061967050805,0.7654250028562893,0.8433594720308215,0.9137306981905639,0.0,0.08968910439566397,0.08796323150941936,0.0,0.0,0.0,0.0,0.2314658181479664,0.46900738243081536,0
0.23688544283836616,0.018241220609738075,0.958048489274602,0.005755876001664429,0.4846702176266149,0.8103826253433442,0.959786752896494,0.0,0.07018300251041575,0.035120104928281756,0.0,0.0,0.0,0.0,0.15719667282113436,0.5046042526869889,1
0.12782744251408232,0.04451528351420611,0.11899548058627556,0.08918969087767767,0.20262337518441786,0.0,0.0,0.0,0.0,0.9986001063822871,0.0,0.0,0.0,0.0,0.45214398745536677,0.2946740774728315,1
0.11287787565927472,0.016700143339733752,0.9341267647460572,0.05584042497358051,0.3969554064728834,0.926588596273684,0.8200155468151072,0.0,0.09852502085817183,0.0034060934302257207,0.0,0.0,0.0,0.0,0.28746425679765053,0.22252131027273495,1
0.22326349708298937,0.1362078854193818,0.07125194138774098,0.04002228928720249,0.4344004236161594,0.0,0.0,0.0,0.0,0.9891143113698071,0.0,0.0,0.0,0.0,0.4911602675017084,0.4224020154570338,1
0.2978894388357901,0.014759312947079772,0.16615628532039622,0.0969302535619099,0.4661684909191042,0.0,0.0,0.0,0.0,0.18826742402521904,0.0,0.0,0.0,0.0,0.3337257247692401,0.5604632041963955,0
0.2851234452229676,0.17805275677818327,0.1366970258357139,0.06201325978015368,0.2941668280867929,0.7470302899309402,0.8834657128891968,0.0,0.07067044560521056,0.17509683355526162,0.0,0.0,0.0,0.0,0.13109385478599395,0.5897579230664666,0
0.16082890990323612,0.06190552325726555,0.24413850591208458,0.06847311725538793,0.21383185754142392,0.0,0.0,0.0,0.0,0.217715852516508,1.0,1.0,0.0,1.0,0.345366078374316,0.3672972145162475,1
0.013565601031856821,0.9518410933817996,0.11293901006341488,0.0810553330781833,0.7910932905204612,0.0,0.0,0.0,0.0,0.29097431934438095,0.0,0.0,0.0,0.0,0.4368475692542835,0.5353314818844551,1
0.0041015894480991855,0.015071812070492463,0.20751431915067362,0.05343462750294631,0.6249375246289803,0.0,0.0,0.0,0.0,0.22712436061273675,0.0,0.0,0.0,0.0,0.2511402197103146,0.2964339329318527,0
0.08241953910777262,0.04144552980161129,0.26346620024375766,0.07569991321722287,0.13282752745385396,0.7671681205063268,0.8039932535654544,0.0,0.0996330373291786,0.14286320903670424,0.0,0.0,0.0,0.0,0.4325485960250005,0.3231108959084198,0
0.026522467009693972,0.9794958843427316,0.17698676914129083,0.048004596701847514,0.39437504506555254,0.0,0.0,0.0,0.0,0.27094531760298785,0.0,0.0,0.0,0.0,0.3469054848389168,0.5921850900369512,1
0.1312424766071187,0.1808317388987497,0.1044766401069901,0.05139894891598108,0.6485571089188001,0.0,0.0,0.0,0.0,0.2848561870972926,0.0,0.0,0.0,0.0,0.1588293923716152,0.5706350500645978,0
0.1377407268714784,0.19600651505709543,0.14778542819786086,0.03287516102875082,0.5433805980217081,0.7600364046945483,0.8136553990595595,0.0,0.025775944382129847,0.03841375168733173,0.0,0.0,0.0,0.0,0.16076107740491774,0.2555308690597641,0
0.10370018499715895,0.1793576819812024,0.1421884920788617,0.06675577385210273,0.22062390984114089,0.0,0.0,0.0,0.0,0.08357710170958758,0.0,0.0,0.0,0.0,0.17080419371069872,0.23548101350282225,0
0.06190011552173775,0.07285397220961509,0.15102518125645706,0.06903948286293653,0.12751849788876926,0.0,0.0,0.0,0.0,0.26207358723203317,0.0,0.0,0.0,0.0,0.4683489602127253,0.2244311839419455,0
0.2244779071150975,0.036904203871275465,0.06280479700101309,0.0370472102791382,0.43916608963371495,0.0,0.0,0.0,0.0,0.9687165505403331,0.0,0.0,0.0,0.0,0.11467328115623916,0.3009747777376083,1
0.22488486960257623,0.006094430546718832,0.26016449432241695,0.035414667079312546,0.37801468275285777,0.0,0.0,0.0,0.0,0.1691895276056509,1.0,1.0,0.0,1.0,0.4362839943511725,0.2356817314848225,1
0.26715818422196846,0.11871849071080974,0.20373069574334687,0.07891712386073384,0.44890953925034016,0.0,0.0,0.0,0.0,0.223631842255299,0.0,0.0,0.0,0.0,0.27266381849187177,0.2510321211182255,0
0.19377517239948036,0.11415566093378238,0.10682901776935387,0.09865152487929797,0.5240423735498211,0.0,0.0,0.0,0.0,0.07378731851535243,0.0,0.0,0.0,0.0,0.1642725493038223,0.2746268096205223,0
0.2690296273879275,0.016046749132328442,0.1573534168710764,0.04103968269896616,0.7876650318360245,0.0,0.0,0.0,0.0,0.25965213776819407,0.0,0.0,0.0,0.0,0.42682882837971203,0.3031611308179759,0
0.27881279673827575,0.988388975072142,0.17148380684096995,0.027997909366028417,0.6386450532343558,0.0,0.0,0.0,0.0,0.1522831136053365,0.0,0.0,0.0,0.0,0.19696389296603212,0.24593472989568144,1
0.1518311869078041,0.18640286845138684,0.09619265764785428,0.05938830975578988,0.3584613370569273,0.0,0.0,0.0,0.0,0.060519138699070746,0.0,0.0,0.0,0.0,0.37382861915193333,0.23514724449706273,0
0.035008819242504395,0.09463324021037844,0.18183056431675157,0.07942894499664625,0.17468947507940524,0.0,0.0,0.0,0.0,0.2798814201299864,0.0,0.0,0.0,0.0,0.4963717905829562,0.2820007240212949,0
0.21647896522538315,0.00961892879281754,0.23445434452542446,0.9938600270406555,0.6253513473357195,0.0,0.0,0.0,0.0,0.07070752381949992,0.0,0.0,0.0,0.0,0.3535034254880709,0.5631464521850064,1
0.24497983184147312,0.08782698171404368,0.11308332882747227,0.046267978566960646,0.3109645119148995,0.8869023450440627,0.8904896702166463,0.0,0.04644253902936346,0.2698723719823705,0.0,0.0,0.0,0.0,0.2535564885492846,0.4174211444455954,0
0.03506941221250922,0.18796642472269504,0.18831241592142536,0.985349023062173,0.19749045086437111,0.0,0.0,0.0,0.0,0.26816777491528726,0.0,0.0,0.0,0.0,0.41543888448981237,0.2606699518931005,1
0.042938395664540885,0.040908918633892656,0.21421922466708423,0.049398148713086266,0.722686553125648,0.7257290076860362,0.896566643267227,0.7431787409978039,0.07576431311138315,0.13710006578450348,0.0,0.0,0.0,0.0,0.341583148829005,0.4009153389850121,1
0.9915335140311607,0.11968854024104542,0.16965250419689215,0.07161790747329522,0.5193205553441286,0.0,0.0,0.0,0.0,0.0682052949089961,0.0,0.0,0.0,0.0,0.2694387449681932,0.31517184659029046,1
0.15176660366533978,0.12229084708692957,0.005433055146252153,0.08721239089441515,0.7524827977385287,0.8412832958973022,0.9253971482978406,0.0,0.18449987623545916,0.21217159029401958,0.0,0.0,0.0,0.0,0.16101561716570456,0.43051534406672526,0
0.22093327068741683,0.18687340295380298,0.2776705538720329,0.04508393714041321,0.1792666320885287,0.9462102997405836,0.9510016555602682,0.0,0.02493253624065337,0.2762525647852117,0.0,0.0,0.0,0.0,0.4479585448248513,0.40753522285042887,0
0.016428491646609398,0.06703944832918018,0.2408560345794034,0.0004632023004602859,0.33344942018380097,0.0,0.0,0.0,0.0,0.10390379830978837,0.0,0.0,0.0,0.0,0.2387812807584911,0.49500049924389933,0
0.135731854839808,0.02817140407595997,0.05291609595186699,0.049836777273947974,0.3932478146531836,0.0,0.0,0.0,0.0,0.1896792863758591,0.0,0.0,0.0,0.0,0.10523778263533345,0.4654149488066842,0
0.04459881832593388,0.08292482474540475,0.025604900423593157,0.09968742518459474,0.7133177842320508,0.8488462543300109,0.812073765929917,0.8124879935255261,0.14999209407983558,0.06297167792867572,0.0,0.0,0.0,0.0,0.45922171577628557,0.2820558561928029,1
0.9937330931627976,0.05880893584419431,0.21421775993694847,0.052764773014478586,0.4741191238800728,0.0,0.0,0.0,0.0,0.030894443799394655,0.0,0.0,0.0,0.0,0.23374512452419288,0.2302013455215557,1
0.19319986297170472,0.08174683421961929,0.007615906698103458,0.015615259736619036,0.6011805601931783,0.0,0.0,0.0,0.0,0.06932243897642142,0.0,0.0,0.0,0.0,0.36875709743949137,0.20788421510174568,0
0.053563398616300086,0.13054922157037493,0.07145483431401796,0.009944139275934516,0.27022053369961785,0.0,0.0,0.0,0.0,0.9323990061106799,0.0,0.0,0.0,0.0,0.36723405462825853,0.2819937181663284,1
0.18997223247328815,0.14718092263920046,0.25443842864006505,0.01227768896627085,0.7135108531127057,0.0,0.0,0.0,0.0,0.18742838131297532,0.0,0.0,0.0,0.0,0.23434634285993405,0.5300429325690639,0
0.2491963519695749,0.06903842897625512,0.23215035696040207,0.036275789466594544,0.7027476139823051,0.0,0.0,0.0,0.0,0.03427137777611905,0.0,0.0,0.0,0.0,0.32631064798662424,0.5941469248966939,0
0.14543351014510383,0.10249153117638432,0.22250608326859966,0.06988458531609044,0.38178503051788637,0.7545057768735216,0.9161097501984793,0.0,0.08434078691065637,0.039682863337599114,0.0,0.0,0.0,0.0,0.4602289204945543,0.47648874304386174,0
0.9959741310217031,0.16301088568049144,0.14942722605330172,0.006717539991571009,0.3836736616193821,0.0,0.0,0.0,0.0,0.0420055615981347,0.0,0.0,0.0,0.0,0.2054735210538466,0.30659935734835286,1
0.19951100236387664,0.9534124852677045,0.27432358377748794,0.04187705248920731,0.3681969697746482,0.0,0.0,0.0,0.0,0.22141008492791112,0.0,0.0,0.0,0.0,0.1331194671700506,0.4412608437865553,1
0.9959507793070026,0.18310273545838282,0.2164598583365717,0.06104046670079576,0.764514757940436,0.0,0.0,0.0,0.0,0.14512648257972383,0.0,0.0,0.0,0.0,0.20796448895687797,0.4159371115632774,1
0.1489098741603709,0.11936856978337784,0.10027316724508824,0.0770912203745822,0.17461877719364027,0.7187844454339521,0.9310739761166487,0.0,0.0990982632412397,0.2065207189283208,0.0,0.0,0.0,0.0,0.2739309354414985,0.2985608132956427,0
0.9973222488640956,0.05442902744599254,0.17706920006072613,0.03609738969400268,0.1641074513286439,0.0,0.0,0.0,0.0,0.13380173188738673,0.0,0.0,0.0,0.0,0.17405317153544786,0.4167603789513432,1
0.1976350100132152,0.1384553129035705,0.2547586954695958,0.024966800885918596,0.4425974745501984,0.0,0.0,0.0,0.0,0.955580658143718,0.0,0.0,0.0,0.0,0.38223006900627543,0.5700993269662663,1
0.09385645695167626,0.024104515757292888,0.21930710143748447,0.019259902778563043,0.1806974148730991,0.8054406649326281,0.9431615308326375,0.0,0.1490129096240441,0.016464784393942476,0.0,0.0,0.0,0.0,0.28205747401446246,0.4089738304284676,0
0.10940917483719176,0.11213543880070281,0.14431856515322591,0.08849983565232811,0.8657933244708562,0.8102580404370403,0.8728073809427331,0.8129456882185045,0.11448555188669314,0.24119309382026927,0.0,0.0,0.0,0.0,0.31536059615231504,0.4646620700322166,1
0.06988784242609013,0.004880156311307605,0.26102966217027895,0.0021269410850387137,0.7439343980569515,0.832234283506803,0.9690321857323213,0.5187983866031305,0.1597566471547331,0.29938023316000123,0.0,0.0,0.0,0.0,0.24028472618068408,0.5068753155724508,1
0.08150609132070122,0.07965747679512712,0.02750980053342904,0.033637046382842206,0.4657634341441662,0.8830679517961613,0.8006023451677363,0.0,0.09346215330753052,0.08910086293646466,0.0,0.0,0.0,0.0,0.44112872867676056,0.4862213260936968,0
0.2731017306172603,0.009020135444064636,0.03284027960373454,0.039163014054035605,0.18710629010779944,0.9391039243898562,0.943638077985809,0.0,0.05179653032036274,0.17656626869197362,0.0,0.0,0.0,0.0,0.4929322060320327,0.5536795912526011,0
0.29675547294400767,0.9889792236783377,0.019495922844868206,0.04015802364254875,0.6864780146982719,0.0,0.0,0.0,0.0,0.014083607144343901,0.0,0.0,0.0,0.0,0.2536362445964998,0.21469277497064546,1
0.01735280296901891,0.19382052602816227,0.2651357654890277,0.0927752283195213,0.7964354758525047,0.0,0.0,0.0,0.0,0.20880618541613766,0.0,0.0,0.0,0.0,0.16155836253594202,0.5263332499962471,0
0.16109232686802408,0.11858798696834064,0.17402586235134335,0.009148683739775487,0.7142226038412663,0.7664000106471764,0.8233126858309048,0.0,0.17774961597379546,0.286695449468926,0.0,0.0,0.0,0.0,0.44485104690618027,0.5238064298899512,0
0.02609602797342304,0.08169064261413975,0.1118065551036942,0.025975378376032622,0.6063940795820095,0.0,0.0,0.0,0.0,0.20497762909787878,0.0,0.0,0.0,0.0,0.13045234379612008,0.5404827656195075,0
0.17772233539785529,0.16493619318502983,0.10434276237065791,0.06780161525590636,0.49601237479705373,0.7667570675423553,0.9581533975439285,0.0,0.15948520432138563,0.19753555039752765,0.0,0.0,0.0,0.0,0.44023269163769674,0.5469176803839209,0
0.20924143850078508,0.1360281543520601,0.18558341346455529,0.07527166395576412,0.21102357370515162,0.0,0.0,0.0,0.0,0.24774502516942878,1.0,1.0,0.0,1.0,0.1515479469893781,0.33404754170365675,1
0.00033603344403284604,0.1112363470079514,0.2269907411354804,0.0258688330697908,0.6320941916480876,0.7210245561169961,0.8587580437705927,0.8899226975755719,0.1119688624617659,0.034753157034077296,0.0,0.0,0.0,0.0,0.2506781447947195,0.20362896186109,1
0.16237997360283307,0.19259840077179893,0.10256164981160583,0.06326218931339482,0.7524196738570123,0.0,0.0,0.0,0.0,0.02035111773155157,1.0,1.0,0.0,1.0,0.22038542677872652,0.4832688354581126,1
0.14207216653052654,0.01158409211175966,0.022408325327356204,0.966180510957477,0.7931038609254529,0.0,0.0,0.0,0.0,0.1783187577685636,0.0,0.0,0.0,0.0,0.25344490416224874,0.22625045782960518,1
0.23112222534233795,0.13665907532130103,0.1337708119130245,0.02736266662816659,0.7979871501103979,0.0,0.0,0.0,0.0,0.2384428646249788,0.0,0.0,0.0,0.0,0.37747289031259545,0.28830784511550417,0
0.19635336428434055,0.05465190539964187,0.2852590686751231,0.9660371370219063,0.4026343607298214,0.0,0.0,0.0,0.0,0.11927831938883827,0.0,0.0,0.0,0.0,0.20968608093946803,0.5935910591839313,1
0.9984478322811688,0.04007182870974253,0.2604368440471593,0.07149240402022476,0.4939252004403679,0.0,0.0,0.0,0.0,0.061110374782882254,0.0,0.0,0.0,0.0,0.13646579616247667,0.26146321526444505,1
0.18786609648942462,0.026248975536477516,0.009757853847375575,0.09208478478156869,0.5316552201645167,0.0,0.0,0.0,0.0,0.03755573766076513,1.0,1.0,0.0,1.0,0.3742261148915885,0.3721223579597851,1
0.04824764072345702,0.13030389336045295,0.09777763918562246,0.05902639388856225,0.4032727242801589,0.946087851850726,0.8269245156801619,0.0,0.09291971932716203,0.20413698790779758,0.0,0.0,0.0,0.0,0.25821803355198747,0.589879940748276,0
0.227117780283367,0.19052972760774342,0.27234559589539203,0.9779824341743457,0.6244131473708981,0.0,0.0,0.0,0.0,0.005510291082162,0.0,0.0,0.0,0.0,0.2929425526206366,0.28413983196754744,1
0.09793839247319756,0.1035423286769423,0.026359949743450007,0.03506269312091808,0.1232421761539566,0.0,0.0,0.0,0.0,0.17026225447846743,0.0,0.0,0.0,0.0,0.37578598765490634,0.5202346796436331,0
0.031370352100320076,0.12728604990872736,0.21194271794607034,0.003158614482564204,0.755348572370583,0.0,0.0,0.0,0.0,0.26129073712382567,0.0,0.0,0.0,0.0,0.3856347728529711,0.5206912332279168,0
0.024034453915402543,0.17896333121210553,0.16427771284612086,0.08172977699624938,0.7847226065826729,0.8608944237991312,0.8947524789685004,0.7396394642881436,0.14631790435106637,0.024488994609176872,0.0,0.0,0.0,0.0,0.12414083359622552,0.2988412936040586,1
0.14105477780899953,0.14885581311899113,0.26154983369193635,0.043365533395638894,0.13056316039515284,0.0,0.0,0.0,0.0,0.09969438760653267,0.0,0.0,0.0,0.0,0.316991454287747,0.39731073871351985,0
0.06616833747669698,0.08367995773353054,0.0610734841026728,0.08404524062769336,0.22193533560477757,0.9401951378717441,0.8748633259064493,0.0,0.16924905840380988,0.18862944546178353,0.0,0.0,0.0,0.0,0.3941401194663011,0.5070895552267121,0
0.15419876034261748,0.11761167561801585,0.008818333726952187,0.03955151698490153,0.5243320994928201,0.0,0.0,0.0,0.0,0.2976399949022017,0.0,0.0,0.0,0.0,0.21354181144345802,0.3436604118664926,0
0.2507994191343628,0.047158418791841974,0.23280006211062884,0.04053101830857434,0.5212987685634061,0.0,0.0,0.0,0.0,0.1239093523943091,0.0,0.0,0.0,0.0,0.12765311447464778,0.37486615552673064,0
0.17787551994953454,0.11588297986870016,0.1987863837024961,0.00952615079546263,0.5564862718713066,0.0,0.0,0.0,0.0,0.0027091212388650754,0.0,0.0,0.0,0.0,0.3353650533362422,0.439485592040043,0
0.07040221147846533,0.17674193393215054,0.13260731213485724,0.033088936298917196,0.41414430168198213,0.0,0.0,0.0,0.0,0.1763653113331161,0.0,0.0,0.0,0.0,0.4794333419405735,0.3010111128301677,0
0.18166144729346484,0.07134641060800033,0.16005357758990868,0.07817903298450295,0.5937699158785426,0.0,0.0,0.0,0.0,0.16197175185066373,0.0,0.0,0.0,0.0,0.11367510637566328,0.5946771921428646,0
0.015509051172458087,0.12800059336738276,0.067410353091804,0.01800104374727235,0.161988908956269,0.0,0.0,0.0,0.0,0.11921369653932029,0.0,0.0,0.0,0.0,0.2919588326368293,0.47438709439319365,0
0.2919293244211039,0.11602244593909361,0.07626737396924797,0.05217300466362132,0.33985744168464077,0.0,0.0,0.0,0.0,0.04306270861181786,0.0,0.0,0.0,0.0,0.47592791677073676,0.4931595673365367,0
0.2192488424612629,0.031232768958434787,0.0703683880004486,0.09633468328203991,0.2787145673099023,0.8654080875927866,0.9761536317320955,0.0,0.07485935342795853,0.005254797258618671,0.0,0.0,0.0,0.0,0.1976589161689497,0.5323508765366822,0
0.033932945722971904,0.15910207433928064,0.2756033390980513,0.060060954254623614,0.7586127494366455,0.0,0.0,0.0,0.0,0.9977174184221317,0.0,0.0,0.0,0.0,0.16371497809712204,0.44198156907621633,1
0.26122603510117776,0.1564770968116547,0.17010487829600032,0.07384492092513266,0.7149608929109436,0.0,0.0,0.0,0.0,0.24235378258237755,0.0,0.0,0.0,0.0,0.4049140539106463,0.5191254595434538,0
0.03606271661118253,0.10889781959216992,0.7535200936911033,0.03245858299002703,0.35652307440997855,0.7990431729023137,0.9251840972041752,0.0,0.07771162025406915,0.1346080867867592,0.0,0.0,0.0,0.0,0.195017652349731,0.349300716651736,1
0.05053331554281589,0.12851519378943793,0.22780329837685978,0.05004453091307415,0.47965456548581686,0.9378696399164977,0.9524901250470633,0.0,0.182847303190294,0.24412988649587591,0.0,0.0,0.0,0.0,0.1435673367386926,0.2595967423880779,0
0.14300864251234774,0.07887306476367005,0.164824271529136,0.07468757161358228,0.6008436349694921,0.8303085331213336,0.9480308153870705,0.0,0.08617241830760668,0.2690142869520367,0.0,0.0,0.0,0.0,0.12851210802206559,0.5818640120133229,0
0.0591462379718632,0.09583664588871998,0.05836749695559029,0.016633160774314214,0.532146230189082,0.8307711811454461,0.9206172862299695,0.0,0.18592117548439785,0.15967806400171206,0.0,0.0,0.0,0.0,0.33237282130511914,0.23585053566197686,0
0.2930175715987737,0.16463480311913206,0.1567443121548355,0.012322265417216606,0.7015910552964124,0.0,0.0,0.0,0.0,0.23802217744435117,0.0,0.0,0.0,0.0,0.17409137861896387,0.5671009956685509,0
0.24472459305128424,0.07470193660767753,0.1579497582461343,0.011230434441121918,0.10180881039148768,0.0,0.0,0.0,0.0,0.23812315511415488,0.0,0.0,0.0,0.0,0.35864236536914407,0.26990937713095087,0
0.23098341007550366,0.11132741158734345,0.07669349934278169,0.030206050183479508,0.8210621234832547,0.9127935652131927,0.9208564405155106,0.5840071038724317,0.16190599515368836,0.2299968405601218,0.0,0.0,0.0,0.0,0.1598815871827831,0.3695779251653208,1
0.9959704691689569,0.019142911104032347,0.007091575813900918,0.0641971500443266,0.5249658252621466,0.0,0.0,0.0,0.0,0.17834290055585192,0.0,0.0,0.0,0.0,0.2987067435436678,0.5951142080859548,1
0.13281509003385814,0.0891581829154458,0.2173550554195854,0.001582109176558244,0.6575601974156229,0.9046767642798081,0.908579493838407,0.9470954373320591,0.06744542655108408,0.27165743769890216,0.0,0.0,0.0,0.0,0.40904909097975306,0.30595817889469334,1
0.0679969206680964,0.07099926116638747,0.02082715282382801,0.05190597909082704,0.14732879451455044,0.0,0.0,0.0,0.0,0.26402372626843745,0.0,0.0,0.0,0.0,0.36035094761887765,0.41318311462053414,0
0.20084608655945704,0.1988278722442335,0.19855175695481359,0.055778341737002496,0.6114553571674723,0.0,0.0,0.0,0.0,0.287287585351614,0.0,0.0,0.0,0.0,0.17012117694306386,0.4760019563282663,0
0.029002934894015883,0.09007418725163703,0.2268489986685738,0.03475715242389821,0.5654382071410526,0.8988624901974323,0.9668920075063014,0.0,0.046928416371090714,0.11979477474279243,0.0,0.0,0.0,0.0,0.160966405332167,0.5969934008633501,0
0.25260998831292636,0.10419159545440844,0.1870757064008279,0.008912443211601662,0.6286892943477655,0.0,0.0,0.0,0.0,0.21262340932289292,0.0,0.0,0.0,0.0,0.11446415220990486,0.32125134237813147,0
0.026292824029151562,0.18739156460621256,0.16614067221371287,0.030552431065802355,0.3778870619519984,0.8118006351262088,0.9081069800049111,0.0,0.10313588553929956,0.2758175919643252,0.0,0.0,0.0,0.0,0.2987853931623321,0.5968632059293251,0
0.27917856439317484,0.02327327957709522,0.24523491254735746,0.03806232934765801,0.7145820243115487,0.0,0.0,0.0,0.0,0.09140374172941224,0.0,0.0,0.0,0.0,0.1323677132205009,0.3611920715060646,0
0.9995279752760129,0.19512204017198298,0.1922916232035996,0.0822480563634361,0.1927672709192939,0.0,0.0,0.0,0.0,0.18187588132529323,0.0,0.0,0.0,0.0,0.4059239203611982,0.26993545090416504,1
0.1998920657505119,0.02435238222505496,0.14347020691442167,0.050610755484675085,0.7922478944070619,0.7199913485898255,0.9398102534849047,0.552832342130872,0.024407010424879007,0.1782872251685324,0.0,0.0,0.0,0.0,0.4745796695534642,0.550442077039217,1
0.18587638646934887,0.13004021847963068,0.04560745593859443,0.006134962711066816,0.6465331102479079,0.0,0.0,0.0,0.0,0.01733416829890999,0.0,0.0,0.0,0.0,0.37801409154342125,0.5934715701053654,0
0.036415481826728664,0.060655029513519115,0.030313743303194005,0.06921613416941319,0.1436042586910439,0.8273555320374474,0.9794054336935358,0.0,0.16279405390120377,0.18456583146930325,0.0,0.0,0.0,0.0,0.2225014483146447,0.4495583345166554,0
0.03921311302205984,0.17732084304809337,0.13493539464639676,0.019462251182076507,0.35743154561410273,0.0,0.0,0.0,0.0,0.23079146809240192,0.0,0.0,0.0,0.0,0.10441250577145889,0.3664615992719046,0
0.07794396262351026,0.152057964624427,0.04113291171869971,0.05353101314525917,0.2506413104120663,0.0,0.0,0.0,0.0,0.24046113356489687,0.0,0.0,0.0,0.0,0.4838306577284134,0.395141617570545,0
0.13631320036798825,0.1688714165479232,0.029424774235273374,0.04882411370217782,0.205034065285789,0.7811689817225149,0.932724273929804,0.0,0.0952036258737533,0.1127664855437308,0.0,0.0,0.0,0.0,0.2577905114280141,0.3837787073623946,0
0.28660040595117847,0.9693174454924157,0.09462206872440382,0.06881347060865421,0.4063221868387744,0.0,0.0,0.0,0.0,0.27052859764062703,0.0,0.0,0.0,0.0,0.2845909858498937,0.45488059072331216,1
0.06808940830960925,0.17787818322576887,0.13518589701892736,0.08824594404560998,0.17398543593439186,0.9470688177500328,0.8797891557398513,0.0,0.009566164078821094,0.011406554471236474,0.0,0.0,0.0,0.0,0.3984829029927355,0.4636142136814723,0
0.010671260110664504,0.1017158578895157,0.11627856944483085,0.04619469366709558,0.7941118862091918,0.9426874894176676,0.9696167701411746,0.0,0.15676853535353477,0.10645240807706711,0.0,0.0,0.0,0.0,0.26485237210510865,0.4198464174875698,0
0.12728906576546642,0.016523532691853738,0.15439727597205347,0.08989008240062354,0.6477394471947566,0.0,0.0,0.0,0.0,0.00312830981922092,0.0,0.0,0.0,0.0,0.20216539387408783,0.3042853199679666,0
0.14347658837277713,0.9669133752997249,0.0966646510333885,0.012523357043282713,0.43203527693434973,0.0,0.0,0.0,0.0,0.1562304425502638,0.0,0.0,0.0,0.0,0.34659989075803344,0.26265537478952333,1
0.9967145493489464,0.07443340476750267,0.12962306488325878,0.04394049896944522,0.5290577077461679,0.0,0.0,0.0,0.0,0.05924114695798119,0.0,0.0,0.0,0.0,0.45476996008370785,0.45832432506208237,1
0.26378059799935144,0.051686324058363625,0.16320497375482548,0.0636070763729825,0.2547443600176099,0.944599319700149,0.9346745430762196,0.0,0.11156264510221399,0.05417837945259026,0.0,0.0,0.0,0.0,0.12154328279921045,0.3280239330083934,0
0.16186686614865153,0.14558943534614863,0.0323831143939393,0.06852980161158734,0.1643096213970313,0.9412824355317491,0.8879109434116892,0.0,0.03013522154197548,0.10271509081006394,0.0,0.0,0.0,0.0,0.2653665797181046,0.503274004430615,0
0.03177921376754789,0.03031387431753472,0.7738027439009318,0.057717278328755006,0.7139969090579829,0.8084501280636929,0.8289526713123944,0.0,0.11160846502979341,0.24352566505971296,0.0,0.0,0.0,0.0,0.39668482460517207,0.5525803118700086,1
0.24002129060974783,0.04080712692577977,0.16652548479068588,0.07330712960296748,0.5311898151821254,0.0,0.0,0.0,0.0,0.16626795423960497,0.0,0.0,0.0,0.0,0.1020918454171651,0.5043963040112376,0
0.06074416804957122,0.19161469602387604,0.11038222539062534,0.032693161633807914,0.2042216352327113,0.0,0.0,0.0,0.0,0.11049285915205449,1.0,1.0,0.0,1.0,0.279444252381817,0.4888283752810948,1
0.1174577094533488,0.08252436816972475,0.20868544394904207,0.0003218263604278682,0.5337125362218885,0.0,0.0,0.0,0.0,0.17646068008451715,0.0,0.0,0.0,0.0,0.2923891559544495,0.45693021036209097,0
0.16844537638785712,0.1121320188832342,0.18104629997893643,0.06764679372263623,0.6634922997765389,0.7674551800320535,0.9485088938324111,0.0,0.09965113645269073,0.023117483740299347,0.0,0.0,0.0,0.0,0.12342037169759168,0.33369532747842434,0
0.23658448940172191,0.10345381128832187,0.8218664425180529,0.014745252670628395,0.3297349275265181,0.8085048415434688,0.8159480773423311,0.0,0.044122390542242255,0.17946758821912165,0.0,0.0,0.0,0.0,0.394265245695676,0.5993390045571798,1
0.19126597934106893,0.09923327682264389,0.053475740071392476,0.06859112710498637,0.7937885022749126,0.0,0.0,0.0,0.0,0.060880910272470654,0.0,0.0,0.0,0.0,0.32621998596857615,0.5918586860135533,0
0.17574304379157057,0.1172958184377414,0.20930118825602254,0.09296169228756843,0.7448906616256066,0.7140340258540525,0.953491043577628,0.7290934433689463,0.04510826598514653,0.11307424942091159,0.0,0.0,0.0,0.0,0.28469312544495284,0.3923624003012278,1
0.024180454127137395,0.14558786139475305,0.14893834570658993,0.04368507026151796,0.6106557600566778,0.8913782247477774,0.8286034701804836,0.0,0.12204502989552826,0.04060622468330566,0.0,0.0,0.0,0.0,0.4005500344116183,0.4627820625068558,0
0.017116416345376296,0.05643741493864003,0.07851170512077178,0.024697879907199984,0.7343782063647257,0.0,0.0,0.0,0.0,0.134921952735162,0.0,0.0,0.0,0.0,0.4106842227820725,0.2261464630257541,0
0.018795961036606357,0.1812874906688822,0.04177361133527855,0.05324206822752171,0.38776692182049466,0.7868358315647106,0.961970002223709,0.0,0.0043646793550979005,0.1991369058526767,0.0,0.0,0.0,0.0,0.4853577736854202,0.42406727338473676,0
0.1256379957222484,0.05203155819241023,0.21924628949421893,0.09812970904972468,0.2795710437109735,0.0,0.0,0.0,0.0,0.13917974600650085,0.0,0.0,0.0,0.0,0.4888021318526149,0.4434109090785866,0
0.04537404862048037,0.04506338599024702,0.0752899984020894,0.08506160578411379,0.49285595179776753,0.8308477278435915,0.8206583969364591,0.0,0.172027938669887,0.21684429096254512,0.0,0.0,0.0,0.0,0.12706734476000064,0.4831340388919075,0
0.13749019245859692,0.0969392574260094,0.04973236204898272,0.09456981470002823,0.6949827600364634,0.867255584332277,0.8832132009801094,0.0,0.08235310831690171,0.19529204014528626,0.0,0.0,0.0,0.0,0.31817274776276216,0.22490924235275425,0
0.13777196327908742,0.010391315510853684,0.23588345981520992,0.02013637821359744,0.28103458442162715,0.0,0.0,0.0,0.0,0.1558157578511812,1.0,1.0,0.0,1.0,0.18195250966028503,0.5511320312608163,1
0.0766480033966814,0.18932759083992146,0.16805467751247355,0.07507295069993472,0.49058651714784796,0.0,0.0,0.0,0.0,0.08472926960595352,0.0,0.0,0.0,0.0,0.2562913462454453,0.5193376752897313,0
0.11921441714559494,0.01868159439505912,0.13232164747523512,0.019560927304451504,0.23070630704112904,0.0,0.0,0.0,0.0,0.08293250717501882,0.0,0.0,0.0,0.0,0.22493964075420544,0.4570698630689694,0
0.15605715697546632,0.0895205880640434,0.16734605757876042,0.016603431341619547,0.846113252234692,0.7907751841585026,0.9614935413736314,0.8663176173504163,0.033770841335537226,0.1521153311596323,0.0,0.0,0.0,0.0,0.3392450517476072,0.2133534407145525,1
0.23957798171482536,0.1935511754206778,0.25706218082252824,0.01176439881593252,0.6178112324598785,0.7799167081101361,0.9779148780941738,0.0,0.09707179663197743,0.036730169507682306,0.0,0.0,0.0,0.0,0.3900742192109563,0.32920447935448555,0
0.1968402054061742,0.025965289790343515,0.2060582993025087,0.009303048646002721,0.12055491137167462,0.0,0.0,0.0,0.0,0.29203721699285196,1.0,1.0,0.0,1.0,0.23473620074444132,0.3185959125133261,1
0.21307283958699344,0.06287002263674968,0.14135036967984438,0.08216368977104717,0.4214856380212497,0.7894495663313604,0.888958240505054,0.0,0.16564985048744368,0.10056241421126182,0.0,0.0,0.0,0.0,0.16950463725429754,0.48480560813231227,0
0.07196223382678342,0.02839439795219878,0.10438242347464999,0.04503509789054127,0.6241784358743145,0.8627868962204185,0.9117671421461176,0.0,0.07047498932193089,0.25243426592542795,0.0,0.0,0.0,0.0,0.28851486695926587,0.5916419752060618,0
0.2028532686226302,0.0650208030863398,0.20589815900582922,0.006964114816240575,0.2224170060231716,0.9139343147264465,0.8408923202642327,0.0,0.16740822504858802,0.08378282653632313,0.0,0.0,0.0,0.0,0.35715276402348306,0.4776602294039324,0
0.06379331291132884,0.006637870912485244,0.09118392037221713,0.0653162790531283,0.7568133729139379,0.917801120565763,0.9378916597763545,0.0,0.15768946865065975,0.19949547104279858,0.0,0.0,0.0,0.0,0.2041147430264012,0.5628780122823319,0
0.03329684076404432,0.0894111087612851,0.13810748136057788,0.086456360952267,0.48265375413145195,0.7951001372426023,0.9758240591319187,0.0,0.022144118665263137,0.12676452849358338,0.0,0.0,0.0,0.0,0.11680987006856212,0.49596164830677214,0
0.25750250303973626,0.05844364609237956,0.27323104849317453,0.0753961903596784,0.663434743789007,0.7045016389001135,0.9733058642733247,0.0,0.14533419841406467,0.09142532861583999,0.0,0.0,0.0,0.0,0.4317578659435388,0.31260847936597197,0
0.21110579323823872,0.10813969532898207,0.028960341058632242,0.0241893828258839,0.10868282539412036,0.0,0.0,0.0,0.0,0.08917134231258515,0.0,0.0,0.0,0.0,0.2199676446027939,0.49727727949264133,0
0.25567916231735444,0.9786674672817609,0.17796647103221527,0.08923024981396523,0.22973112567010012,0.0,0.0,0.0,0.0,0.010401080017944996,0.0,0.0,0.0,0.0,0.3331227340333959,0.5981750064765239,1
0.07569217495182197,0.044045060275463024,0.9685623790644335,0.07375657490928268,0.4676678302641122,0.7081614193864171,0.9563392711376519,0.0,0.012937378703026315,0.2867473451162257,0.0,0.0,0.0,0.0,0.1100567833109091,0.4777801824522835,1
0.041257132445104615,0.06816313995796933,0.04944740260402861,0.017058191155709,0.7636758241200096,0.811311528071197,0.9419844075029647,0.0,0.12792111223553637,0.20292790870151767,0.0,0.0,0.0,0.0,0.15267737538881543,0.29367377872619427,0
0.9927681430779131,0.054313752950207975,0.14186913984327146,0.0983840312855438,0.28827126207852977,0.0,0.0,0.0,0.0,0.011929789496570864,0.0,0.0,0.0,0.0,0.3416286708284877,0.5629520658851388,1
0.09940410213091523,0.09640821162241651,0.8183779251674306,0.061078007107576826,0.29647825086118207,0.7517481446096066,0.8929830731202762,0.0,0.0011011598320841644,0.002299209794767598,0.0,0.0,0.0,0.0,0.18762752364074312,0.21468854500032847,1
0.13156154656123065,0.04370196687082606,0.11903905412589494,0.004438777217085444,0.2944754509472141,0.0,0.0,0.0,0.0,0.15947983938132926,0.0,0.0,0.0,0.0,0.451945070944464,0.42991182170576603,0
0.013456070407070597,0.9977530255742495,0.27882800834193416,0.016520393933785016,0.37291064705908095,0.0,0.0,0.0,0.0,0.07745197625735076,0.0,0.0,0.0,0.0,0.36984314116648653,0.318691056441636,1
0.9959632151886036,0.1272802740366814,0.015340614432630217,0.025760722033372187,0.14166729024344019,0.0,0.0,0.0,0.0,0.11515166491349384,0.0,0.0,0.0,0.0,0.2824946035822168,0.34762120870436664,1
0.27009638042228146,0.08084794592884184,0.09632432912611504,0.07498507644364663,0.3888727282583777,0.0,0.0,0.0,0.0,0.1796077206957292,0.0,0.0,0.0,0.0,0.30086144398479475,0.2555485305586068,0
0.05155454439812835,0.12757541853272678,0.22229437508237354,0.05299915229264188,0.6803124127818437,0.0,0.0,0.0,0.0,0.15974780983114398,0.0,0.0,0.0,0.0,0.2795412286698833,0.23375695221781695,0
0.24240678897196588,0.04321027300233744,0.13998233540916474,0.08167232025585447,0.14716918834986578,0.0,0.0,0.0,0.0,0.023284393419432257,1.0,1.0,0.0,1.0,0.31701374741290056,0.5446969979673182,1
0.23951410215550573,0.16448447473365568,0.25726870129838514,0.09166352358412073,0.40168965435930737,0.0,0.0,0.0,0.0,0.18032225004006988,0.0,0.0,0.0,0.0,0.38223434505752985,0.47536200739685475,0
0.12915880153866224,0.02851882881638175,0.2670291105551425,0.034587746073785744,0.20812182305632665,0.0,0.0,0.0,0.0,0.1021812499743875,0.0,0.0,0.0,0.0,0.12868475553906042,0.3638515579580928,0
0.1817337748358071,0.072918745639508,0.7738325286608863,0.0988035966155592,0.41780113483728043,0.8720685589450592,0.825299534164105,0.0,0.09711793993187956,0.008261015960839646,0.0,0.0,0.0,0.0,0.30218204716417996,0.5856069628470809,1
0.2776911990076007,0.08283004486564537,0.11863028039787431,0.031320626107017406,0.20294329539661188,0.0,0.0,0.0,0.0,0.11111909588259195,0.0,0.0,0.0,0.0,0.24992142711271856,0.3896025713932624,0
0.16361433636549075,0.01764034075797414,0.18206320247307897,0.015158429286987997,0.7321324050937272,0.942685538419312,0.9392370004762215,0.9168249809687927,0.1960217984827534,0.14336353440667274,0.0,0.0,0.0,0.0,0.31290301245959046,0.26733478236765207,1
0.07780046919512834,0.03892476734097439,0.017294274659707464,0.03424479788347134,0.2891733844915483,0.9416043464666017,0.9003875887250079,0.0,0.06945540780610152,0.1741402802981088,0.0,0.0,0.0,0.0,0.1556786805382782,0.37761749968088115,0
0.12053364019629727,0.19876967777993965,0.2640944286446781,0.06234059581594401,0.49856415282759803,0.0,0.0,0.0,0.0,0.011837859867269795,0.0,0.0,0.0,0.0,0.29021841499473067,0.4172098335830653,0
0.2728363832811726,0.14442864709118117,0.16001598862960878,0.997455607154472,0.19145664067642404,0.0,0.0,0.0,0.0,0.08273027047540708,0.0,0.0,0.0,0.0,0.45083623240727555,0.5776168375301591,1
0.028101726211773058,0.15092424431971838,0.14757933003171872,0.03024474782893799,0.4439927242699898,0.8306110363513661,0.9012881058240211,0.0,0.0882447427310653,0.181726590941717,0.0,0.0,0.0,0.0,0.467493884242551,0.34490723483943647,0
0.9931189908000428,0.08869116727638082,0.18063509560643384,0.05914067594224881,0.664612539628394,0.0,0.0,0.0,0.0,0.0009503545742105212,0.0,0.0,0.0,0.0,0.3560793246238495,0.3193739649447507,1
0.009237014898134355,0.19430660847811776,0.06622364653583453,0.07340297625893064,0.6338174762859228,0.9323143495018072,0.8054989022768084,0.0,0.17440966768940155,0.15816785425194005,0.0,0.0,0.0,0.0,0.3530176439863312,0.4577881108484135,0
0.21991535695799802,0.10571562194443943,0.2380182042916043,0.09905460327701335,0.24045571218263287,0.0,0.0,0.0,0.0,0.013248580853349378,0.0,0.0,0.0,0.0,0.2367129618947047,0.45316253227137365,0
0.2811273085376384,0.16438532718798593,0.2427549513417093,0.08844242755019771,0.5900239909404731,0.0,0.0,0.0,0.0,0.08410033823745627,0.0,0.0,0.0,0.0,0.37496254565449505,0.20979937930706094,0
0.18962694885187267,0.11540813289238216,0.20932688282202885,0.0006088748239839071,0.17065883998426506,0.0,0.0,0.0,0.0,0.2526223312195738,0.0,0.0,0.0,0.0,0.19689248712982677,0.39130395367808934,0
0.20005632630428036,0.04222249423322724,0.25902023005710056,0.04013060242197122,0.3047605637495193,0.0,0.0,0.0,0.0,0.17497724773683468,1.0,1.0,0.0,1.0,0.43689229853757916,0.41959217977665675,1
0.1810479288130136,0.07156281682270978,0.1943452337971585,0.012292067846538758,0.722061356185779,0.0,0.0,0.0,0.0,0.18743515883682074,1.0,1.0,0.0,1.0,0.1287103224906052,0.47304688848936094,1
0.0703960325327548,0.06063881189220921,0.08699103568308271,0.05632889309538147,0.18396758511672295,0.9291979226755838,0.9297179261509604,0.0,0.08028912618263873,0.04758724335791339,0.0,0.0,0.0,0.0,0.45279686788865436,0.5295112360404661,0
0.12073399123010067,0.020549650490484673,0.056711857418259515,0.0783016637316733,0.6005271031954788,0.0,0.0,0.0,0.0,0.1400903999890832,0.0,0.0,0.0,0.0,0.2361482985223051,0.5761794022944691,0
0.2480143979793055,0.02598598490714026,0.16949530730257606,0.9843509633251621,0.5002664145250076,0.0,0.0,0.0,0.0,0.11319409842189708,0.0,0.0,0.0,0.0,0.4745284615876627,0.4700560244598672,1
0.11629464163669412,0.1265423757497202,0.21115712749029936,0.00043632696503090876,0.21686716212303914,0.0,0.0,0.0,0.0,0.22831133707523488,0.0,0.0,0.0,0.0,0.4803090830925353,0.48101620061392275,0
0.23454715900348067,0.12882984429518318,0.014455803717988868,0.03600504659009784,0.7697598708390003,0.0,0.0,0.0,0.0,0.06266481720154911,0.0,0.0,0.0,0.0,0.2474828683459181,0.34792530239487063,0
0.12495132957116369,0.16443597736328466,0.2551044003359686,0.021199405469865807,0.56014743751909,0.0,0.0,0.0,0.0,0.9125724268992227,0.0,0.0,0.0,0.0,0.34310084890108905,0.31812059102873314,1
0.2923775434005989,0.010439725808994327,0.20465816418798313,0.04681541413010304,0.5054226787623055,0.0,0.0,0.0,0.0,0.9835480225742195,0.0,0.0,0.0,0.0,0.4128061339731869,0.417522291146495,1
0.11372821460158085,0.06746910935381854,0.005798289275280311,0.012436839900051023,0.38954987244304473,0.8232161461118617,0.8727721545058764,0.0,0.10618753568241877,0.17853950247170444,0.0,0.0,0.0,0.0,0.10396952845113426,0.38563806378140153,0
0.20326268023768596,0.062372771583376646,0.23219741344582875,0.07729214818761151,0.4649072333578973,0.0,0.0,0.0,0.0,0.2310474635271288,0.0,0.0,0.0,0.0,0.422862214945953,0.2480828916482305,0
0.0879925832341694,0.1546283747837343,0.15538815831377367,0.03480955931682881,0.3602175064344312,0.700338406428867,0.8539640949617425,0.0,0.1292917483275861,0.2922583331449071,0.0,0.0,0.0,0.0,0.43882433079355987,0.20943798585821166,0
0.2341128370712941,0.9995104446793811,0.11940158788635084,0.030291572883319264,0.14598640126805607,0.0,0.0,0.0,0.0,0.2242333219790082,0.0,0.0,0.0,0.0,0.28952393135917864,0.22313777977886426,1
0.15922120658605074,0.13019146702361453,0.19337735242270307,0.05612935429484028,0.6438496072290578,0.0,0.0,0.0,0.0,0.268822533538372,0.0,0.0,0.0,0.0,0.43887777561343266,0.3260588156530213,0
0.15817955427457694,0.9573651522139485,0.04916430713414466,0.06428189148001744,0.6669021311524104,0.0,0.0,0.0,0.0,0.1616439027118857,0.0,0.0,0.0,0.0,0.12425157042658729,0.47599989492357736,1
0.189276537068749,0.08953468508208368,0.04028245527068266,0.09579341210567704,0.4707618067619339,0.0,0.0,0.0,0.0,0.02287176539206934,0.0,0.0,0.0,0.0,0.2098815260191568,0.5227861963535974,0
0.12984480066284076,0.008779988528601025,0.049724933946046775,0.04455416387418909,0.2464298257855495,0.7124947571649196,0.9518569395293283,0.0,0.19623850583282318,0.23794286219902183,0.0,0.0,0.0,0.0,0.4415139686818669,0.29679085212681816,0
0.28542894310854966,0.19896385879319023,0.2135168417238146,0.0981143731791822,0.4986778456969726,0.0,0.0,0.0,0.0,0.021924468608104496,0.0,0.0,0.0,0.0,0.3489373058468984,0.5924711347049179,0
0.2723696381338858,0.18874031856404416,0.28804068132163413,0.0521459638721472,0.7841155355940527,0.0,0.0,0.0,0.0,0.9781348840614407,0.0,0.0,0.0,0.0,0.19893612632763336,0.4562460734195549,1
0.22907372065997175,0.17104139700367402,0.18091929185115496,0.08354078308421259,0.6490946006023924,0.0,0.0,0.0,0.0,0.9728861442269947,0.0,0.0,0.0,0.0,0.423231712942332,0.27115524961960935,1
0.12861060629593007,0.005833952729052894,0.1442670439809027,0.06624340117010681,0.1829518365187061,0.0,0.0,0.0,0.0,0.2979765046268892,0.0,0.0,0.0,0.0,0.11796451959824635,0.5044031693981568,0
0.2262794920041068,0.18368528642908175,0.28527857835076453,0.057712258603832084,0.349984811510352,0.0,0.0,0.0,0.0,0.10757353845746194,0.0,0.0,0.0,0.0,0.36265242948315046,0.29615956515740277,0
0.9942750183132811,0.10119158154698633,0.06625583488890267,0.003892996332566745,0.1252131728039985,0.0,0.0,0.0,0.0,0.2851377511725887,0.0,0.0,0.0,0.0,0.33264891719567746,0.3746456759075064,1
0.25189789671263707,0.028762870062962742,0.12903086295894,0.09037575717751423,0.6920946853219774,0.0,0.0,0.0,0.0,0.2666662272010889,0.0,0.0,0.0,0.0,0.3178023076196912,0.2817843544218847,0
0.17814074424288465,0.006561924825721688,0.19081274063399048,0.0364354238428232,0.30666926174274955,0.9198741426820316,0.8828004312045439,0.0,0.019010609106538557,0.2480240304078741,0.0,0.0,0.0,0.0,0.11905650297460264,0.49069968966727867,0
0.247436356883336,0.10313188117129068,0.13898809598183903,0.004540328146869255,0.30302043555423414,0.0,0.0,0.0,0.0,0.15960650369527554,0.0,0.0,0.0,0.0,0.3361724359290773,0.22453238225731306,0
0.06016807532189487,0.04071567550927209,0.0030271820067074183,0.04374819266082097,0.6908792716921288,0.7129752358968272,0.8344013677092805,0.7113145985068046,0.062016907668551016,0.21951742096926385,0.0,0.0,0.0,0.0,0.35625423712103466,0.366377561832742,1
0.21378639992955384,0.1633558933011272,0.0544841903269808,0.03709410081577652,0.731358137724405,0.0,0.0,0.0,0.0,0.11795856030837668,0.0,0.0,0.0,0.0,0.3362551335978551,0.4644057016989281,0
0.21279624854178286,0.03346426080021208,0.23418951522766712,0.058377278051411165,0.7665552499883163,0.0,0.0,0.0,0.0,0.0889679736617792,0.0,0.0,0.0,0.0,0.3857696656284969,0.5036021130087724,0
0.15266716667731675,0.07385615404310822,0.27987745877090164,0.08275063198732213,0.5880465673367458,0.0,0.0,0.0,0.0,0.2083786281759856,0.0,0.0,0.0,0.0,0.3915924246623266,0.5446763615149381,0
0.05857218088694761,0.06906839044897757,0.10068313628095281,0.09785254683891406,0.6995760566235488,0.0,0.0,0.0,0.0,0.9506672648982746,0.0,0.0,0.0,0.0,0.29850350115294466,0.3522070839479578,1
0.27197166320164884,0.0032123729962012294,0.23465137892737384,0.012438283124132433,0.6582831523760396,0.8539779789191803,0.9517900563685524,0.0,0.019502865128179492,0.1676941902299322,0.0,0.0,0.0,0.0,0.3004351521048788,0.48247727318534345,0
0.1288787830728194,0.06176688480146817,0.14467930837565765,0.011849235876840059,0.7730593372881593,0.8786026909066496,0.9714440810038124,0.0,0.04534547646599266,0.2638023060529584,0.0,0.0,0.0,0.0,0.4235159938254154,0.47086096498306945,0
0.2449232354895092,0.10030309229594676,0.02126747276738561,0.031286316085513,0.7547079689817293,0.0,0.0,0.0,0.0,0.07425302194212359,0.0,0.0,0.0,0.0,0.16512601987074552,0.27476577624338466,0
0.05742830414986275,0.08233109209134049,0.2804983295516296,0.043054020950719,0.7145891478893844,0.0,0.0,0.0,0.0,0.025175860746428823,0.0,0.0,0.0,0.0,0.23338503743840422,0.4710163782014136,0
0.11443231242399343,0.19640990740319253,0.23545854688766404,0.0733486746492104,0.18133366956781222,0.8952489734037479,0.9413483860728827,0.0,0.12022053912486566,0.29710853459951153,0.0,0.0,0.0,0.0,0.2301015623698208,0.5765089792967406,0
0.1350349579424433,0.19542084661031467,0.030936408722422735,0.05477846943833195,0.7852702549287729,0.838873856026465,0.8341667545349881,0.0,0.11643664601851796,0.06133217218486405,0.0,0.0,0.0,0.0,0.3078817051577937,0.22961688716493922,0
0.2220484106284389,0.126140094231757,0.164881880559227,0.06897788492481212,0.20075933950056163,0.0,0.0,0.0,0.0,0.02050023145368126,0.0,0.0,0.0,0.0,0.2721498998763173,0.47831899106217796,0
0.1660137048380122,0.12832638176547093,0.2111376932971523,0.03732598144627589,0.4945619797201336,0.0,0.0,0.0,0.0,0.15772686586774046,0.0,0.0,0.0,0.0,0.19980974673529947,0.20080740709929357,0
0.134725423503284,0.12245163015236893,0.06392550260544246,0.09390570959671872,0.10467749045672145,0.8930752537913357,0.9125368585154796,0.0,0.07471096020953638,0.015146683323722376,0.0,0.0,0.0,0.0,0.3509946287137118,0.35424540514625924,0
0.28189545338805244,0.044096738694660825,0.217717773109231,0.06172490208487257,0.6175857608819183,0.0,0.0,0.0,0.0,0.22284749247189486,0.0,0.0,0.0,0.0,0.23081785766072713,0.556022810186101,0
0.2583958877445272,0.16345046227336424,0.1538179182785328,0.04383849800307613,0.8216169452179699,0.7572929878035405,0.898437673857688,0.9387350233272409,0.13413510507646512,0.21026029075842959,0.0,0.0,0.0,0.0,0.1816098662954315,0.4615976369359205,1
0.07451287811094005,0.04288129659863291,0.08124189841109176,0.02475597702798864,0.14376840701999202,0.8147351291492051,0.9318920254615097,0.0,0.12134634494348728,0.20186150057942392,0.0,0.0,0.0,0.0,0.13245967141449566,0.5805962840707148,0
0.24689514151253023,0.18654210162655227,0.1632761898341093,0.02002820178676259,0.5317485254967789,0.0,0.0,0.0,0.0,0.020537615800073416,1.0,1.0,0.0,1.0,0.24844517537205113,0.568306643385343,1
0.10008203670871295,0.982466116228844,0.2745771554753469,0.0859823835391276,0.12450554036476397,0.0,0.0,0.0,0.0,0.1913862788054216,0.0,0.0,0.0,0.0,0.43345725365758336,0.39977270794673414,1
0.019201903982586276,0.16494864746940152,0.08771493312365793,0.044391945450637786,0.11533933014250627,0.0,0.0,0.0,0.0,0.9712960007858806,0.0,0.0,0.0,0.0,0.47084425154337095,0.2421572872431221,1
0.1226331783687396,0.18480537408514658,0.033564184964737155,0.051642438821861106,0.6505656676735929,0.0,0.0,0.0,0.0,0.2479464270587287,0.0,0.0,0.0,0.0,0.27848048839101747,0.5223378130471332,0
0.13299195285515258,0.11067603757314953,0.07646467467446469,0.9752817076710979,0.15364506453267418,0.0,0.0,0.0,0.0,0.2427973194855787,0.0,0.0,0.0,0.0,0.4145430932245926,0.4528866391015796,1
0.26289582994269345,0.02051359251671796,0.11781922298142486,0.9506625516751955,0.452192730786078,0.0,0.0,0.0,0.0,0.25137251245554104,0.0,0.0,0.0,0.0,0.4435057117397889,0.4993423414662959,1
0.13775677011976853,0.08221872177608797,0.21657876825470382,0.03848036172211033,0.44256351427946916,0.8074021480330908,0.9333127068009867,0.0,0.1725944797973925,0.15956672370225425,0.0,0.0,0.0,0.0,0.41577287767807647,0.31871467280794025,0
0.12426027767154908,0.14648277296253373,0.2644987446998138,0.012149539108776542,0.5442474795411664,0.0,0.0,0.0,0.0,0.09330074841980408,0.0,0.0,0.0,0.0,0.1667724283270006,0.2974917930097367,0
0.2248171358403477,0.11438244077012015,0.29587400158542043,0.041473582696747106,0.6277055516858475,0.9178671053441334,0.9222161287468476,0.0,0.08237294808349921,0.22607838922372586,0.0,0.0,0.0,0.0,0.18146685510907395,0.33102086607205294,0
0.006642442641788837,0.18902283775120177,0.208988181365217,0.04957037502318911,0.7531890640858159,0.809773891312707,0.9764784026486669,0.0,0.10245695144869703,0.03428573099939384,0.0,0.0,0.0,0.0,0.40592038898371097,0.4715590900311362,0
0.23294679079530542,0.12226732044332939,0.25719267070825225,0.9732527624150322,0.3856833397781462,0.0,0.0,0.0,0.0,0.2644690364822271,0.0,0.0,0.0,0.0,0.39252660788131855,0.47891016762154276,1
0.06103094254082736,0.9950887014273114,0.08565263403555347,0.053157739677499316,0.45739325678653675,0.0,0.0,0.0,0.0,0.004010304977818691,0.0,0.0,0.0,0.0,0.26389569457717565,0.45910969318013684,1
0.020092083607581458,0.17547009062656774,0.11682148169366258,0.05417609642675633,0.7776460684355313,0.7166411819785556,0.9166972413413772,0.0,0.014821084514973416,0.1126406785399501,0.0,0.0,0.0,0.0,0.42152581807737877,0.37338889310225376,0
0.09634864579078604,0.04402226518095063,0.10515616028584854,0.03725332737595508,0.14809957440677268,0.0,0.0,0.0,0.0,0.19701884541648237,0.0,0.0,0.0,0.0,0.3835062620916617,0.20334547275074286,0
0.14519681045392413,0.9879250940458195,0.2413483927295467,0.07728095732903374,0.4838934140954939,0.0,0.0,0.0,0.0,0.23458799314738774,0.0,0.0,0.0,0.0,0.4006987969583362,0.5212008287831349,1
0.062172689930663494,0.14264717361666737,0.11598605179015026,0.06624839469416081,0.3428738618141909,0.7976887880824093,0.8285621972641433,0.0,0.05164620393323201,0.18162352725227618,0.0,0.0,0.0,0.0,0.2732652445260666,0.5097210731778381,0
0.22748018761681774,0.061380902638914006,0.12449136462002346,0.0712777676216831,0.3703483949719215,0.8471262337897472,0.833367100234852,0.0,0.1199542629940996,0.2584541121680681,0.0,0.0,0.0,0.0,0.4474558559293703,0.48973776253181583,0
0.17540042704974743,0.026730116282103603,0.13315775652639034,0.04507762838863638,0.7709484849674182,0.8077717156558223,0.8988816760824964,0.0,0.1066502798558205,0.19102851511329813,0.0,0.0,0.0,0.0,0.39929313253275833,0.29001675046834885,0
0.13893441415125343,0.055691509274714605,0.8384033313106443,0.0823767395799123,0.14419820504917394,0.8941976208518068,0.9478966279331188,0.0,0.09230458551772136,0.2949916970455402,0.0,0.0,0.0,0.0,0.41468333628292364,0.5094650259582663,1
0.00934472783801732,0.051915289855009844,0.010102921162339207,0.08791857726012477,0.2703776782529713,0.0,0.0,0.0,0.0,0.09690820372622816,0.0,0.0,0.0,0.0,0.4591676747830663,0.5552472755736143,0
0.2988473020496336,0.9502859290680394,0.25346140432656866,0.024900873610908994,0.5036916792004295,0.0,0.0,0.0,0.0,0.09799177482777328,0.0,0.0,0.0,0.0,0.3992735648195386,0.5226660212107266,1
0.1713486895867083,0.06080605448959993,0.09543133407104161,0.09611594157101652,0.7241976056419221,0.0,0.0,0.0,0.0,0.02406667393671422,0.0,0.0,0.0,0.0,0.22487854728704149,0.2062971651982708,0
0.9944229380545113,0.06179119801363053,0.03979337328028595,0.051163571789507714,0.10374231259805512,0.0,0.0,0.0,0.0,0.11717808227453465,0.0,0.0,0.0,0.0,0.1277313321551059,0.4553288959167306,1
0.11676914150753653,0.0457750924966998,0.17905556306632783,0.9730583450626955,0.750397664010824,0.0,0.0,0.0,0.0,0.29868933284966503,0.0,0.0,0.0,0.0,0.4924471631471743,0.45980357188297893,1
0.1512011290788978,0.1898401386361783,0.2498495705607227,0.03624313226158291,0.7045489949076312,0.0,0.0,0.0,0.0,0.016317224556693353,1.0,1.0,0.0,1.0,0.3577026894603247,0.5896990616579024,1
0.04686197060598659,0.1271880653653422,0.1797906348418313,0.017935601028924098,0.5935974018993944,0.8137929979334141,0.9201969064885676,0.0,0.16747341595403015,0.050918528573076945,0.0,0.0,0.0,0.0,0.10765794719873467,0.5116410345583147,0
0.25144649249659273,0.1605621869649001,0.8351819186104824,0.053593507885211826,0.4419469428619338,0.8004717999726825,0.8276643877119568,0.0,0.11452144657640449,0.08310375729779364,0.0,0.0,0.0,0.0,0.46852300488519016,0.433276321710839,1
0.009523129611896585,0.0846670288306395,0.025369613429171354,0.060684695554013915,0.7166811039477602,0.9207287041296806,0.9186281738238018,0.0,0.0422463662945862,0.2588990494076616,0.0,0.0,0.0,0.0,0.4544373741252833,0.2786614339811835,0
0.2407920937058789,0.19944757998072055,0.009007801598817844,0.0897365865790932,0.5358413735190607,0.9433456547912052,0.883701713154757,0.0,0.16947758611427477,0.018718220579483167,0.0,0.0,0.0,0.0,0.2341116200313183,0.226806615100484,0
0.25576422637379115,0.18759304628677886,0.025531045835935604,0.03855975925133334,0.8955911496861857,0.7526982753875071,0.8412858398667811,0.7649406305442631,0.09382144220951574,0.08056865023609278,0.0,0.0,0.0,0.0,0.14039124272710446,0.2669964356376431,1
0.03432945558370757,0.001741229412508716,0.04667143106079069,0.020727297906766765,0.5414066591081647,0.75492669759785,0.8036937466512786,0.0,0.16532366910049776,0.10967871030119003,0.0,0.0,0.0,0.0,0.24147867463229358,0.3209916116671706,0
0.2694714191859705,0.1553606664279776,0.022943986649793923,0.09867291015008488,0.28995617447730737,0.724645731755603,0.9492765621426367,0.0,0.14133510673553998,0.18516564176337022,0.0,0.0,0.0,0.0,0.16239234547957326,0.39139844650238476,0
0.09350694855451243,0.0006281812096244233,0.05227302049361386,0.08754056251218344,0.40922254414639503,0.0,0.0,0.0,0.0,0.08457571287141874,0.0,0.0,0.0,0.0,0.24552385645637342,0.2762903950363579,0
0.2975318642937748,0.13284034261435715,0.059773786322494214,0.004496144159155113,0.18844953692015742,0.8406388003182618,0.9377288591870179,0.0,0.1880838414601494,0.004746951599046245,0.0,0.0,0.0,0.0,0.30910405662474794,0.3883469424892707,0
0.20611174517474415,0.13161651694983809,0.03510351745738386,0.07997179136187196,0.1862628030014274,0.8746326563022843,0.8749061661753093,0.0,0.10277014691531959,0.2709894043127132,0.0,0.0,0.0,0.0,0.4559534905893946,0.5271425222620119,0
0.9918283777986882,0.1739212164949555,0.12083274996986997,0.09702353444148769,0.7526259307602143,0.0,0.0,0.0,0.0,0.25641103502795926,0.0,0.0,0.0,0.0,0.1661209144551845,0.5417043155989343,1
0.0857122702982671,0.18542475637288988,0.29097795760355727,0.05712604699370974,0.2001007858660085,0.0,0.0,0.0,0.0,0.9337649301999235,0.0,0.0,0.0,0.0,0.3227139643712752,0.5380483405984139,1
0.007571203754479261,0.050529206124257334,0.8599976627010181,0.05219530034785639,0.512253152461895,0.8879190430057298,0.9122260094934733,0.0,0.1200562921056074,0.01605433887391299,0.0,0.0,0.0,0.0,0.25061211511571935,0.2928222958804624,1
0.028132957877104944,0.09722609704298482,0.2762218951027906,0.004005911905069448,0.3040226394456558,0.0,0.0,0.0,0.0,0.14042071627028704,0.0,0.0,0.0,0.0,0.28651976517592753,0.5042302569821129,0
0.12899556423631792,0.11938213810933124,0.2998673109751316,0.07694488940820471,0.37850599211219904,0.9068882630685117,0.8307275053962465,0.0,0.0060927372617920255,0.061334511739281915,0.0,0.0,0.0,0.0,0.23616462244570388,0.40423230298382395,0
0.1529562028651373,0.10025512892514588,0.015072902946894638,0.003491155265622381,0.48581197334146053,0.0,0.0,0.0,0.0,0.9465682541762279,0.0,0.0,0.0,0.0,0.27961550717205036,0.294991422700903,1
0.27448975952339055,0.037827820004596925,0.27671024540103084,0.06956246523540581,0.8787434151635063,0.7499603178204848,0.8099945059056471,0.7828907774204982,0.11369297970158798,0.1954547049986677,0.0,0.0,0.0,0.0,0.18431257974187532,0.4225824823301826,1
0.019849556650332133,0.003831097110250581,0.24805756829182593,0.05247356376614322,0.6426708362844645,0.0,0.0,0.0,0.0,0.28844769737223364,0.0,0.0,0.0,0.0,0.36714716268032543,0.5732820351037224,0
0.20354999048779135,0.0635099400515177,0.254432770504689,0.9673442988182193,0.7193985823872031,0.0,0.0,0.0,0.0,0.28900809613381134,0.0,0.0,0.0,0.0,0.10411379837427681,0.48641998929685776,1
0.2383442453560518,0.05562583109732249,0.042676571933044624,0.03131632018297771,0.6946739508415309,0.0,0.0,0.0,0.0,0.2954537231901282,0.0,0.0,0.0,0.0,0.475598568834391,0.38112548568436666,0
0.07199680916098725,0.14202652811290747,0.08188499841944635,0.03414252696042983,0.41414516279623037,0.0,0.0,0.0,0.0,0.018028923113451046,0.0,0.0,0.0,0.0,0.4619065366720472,0.4590065859373452,0
0.0882800209911343,0.022959385450256022,0.2824598730853323,0.07842061743652669,0.4236738238387785,0.0,0.0,0.0,0.0,0.25683974970412304,0.0,0.0,0.0,0.0,0.24270748464930905,0.5029857781802871,0
0.032117153566255816,0.08801160930187975,0.21891357194922667,0.0940220805571285,0.5226578943503674,0.9157838844339348,0.9480490368722408,0.0,0.034668610595056173,0.14574522867378945,0.0,0.0,0.0,0.0,0.1467694142101566,0.472861264624654,0
0.2201649392407624,0.1264476301735722,0.17508151110242992,0.03901202346883392,0.3485921534276688,0.7113122972547219,0.8392235674853624,0.0,0.0030353764573653797,0.17442513167460616,0.0,0.0,0.0,0.0,0.14234129435116355,0.5492077576118863,0
0.12325712755214893,0.11211596180020973,0.2827977530899891,0.008273403962367077,0.7784542138505729,0.894997081727636,0.8177726972388799,0.5336170900452806,0.01513222078082217,0.10846241962621157,0.0,0.0,0.0,0.0,0.13686718338897294,0.4340313768824812,1
0.009733033814156088,0.13174352774540443,0.15968756278543633,0.010326500887504843,0.22076671386245345,0.0,0.0,0.0,0.0,0.9782050769263758,0.0,0.0,0.0,0.0,0.4934268826054652,0.30386833558016557,1
0.04329276021648091,0.023140263636060435,0.008175003585244534,0.05235864852214529,0.25278191088561064,0.0,0.0,0.0,0.0,0.2066287622434096,0.0,0.0,0.0,0.0,0.4590974266038902,0.49807179814784575,0
0.2381788157579894,0.031660780021122874,0.015535766619845058,0.05573105753143085,0.20922506793798384,0.0,0.0,0.0,0.0,0.9823623610748974,0.0,0.0,0.0,0.0,0.17306895369586728,0.25583954694392,1
0.13773720698600425,0.060657178169856586,0.2797664635257936,0.011864376574158031,0.753624596101029,0.8709666129588358,0.8956829874836116,0.0,0.006531812156899176,0.14267885754660248,0.0,0.0,0.0,0.0,0.2630992420010929,0.264487524790049,0
0.16865664331935754,0.9916822005237587,0.020535135769805035,0.04176669958169948,0.18145093961514713,0.0,0.0,0.0,0.0,0.023040914494326457,0.0,0.0,0.0,0.0,0.24186648199403316,0.4202653517763406,1
0.9902915518602209,0.07469158902654105,0.07660091212897324,0.010587431821312932,0.3484283784405878,0.0,0.0,0.0,0.0,0.021032441892377084,0.0,0.0,0.0,0.0,0.25810372617246313,0.27271154688694477,1
0.04688511286493286,0.04401773537427731,0.9699409306876958,0.07101147663372794,0.16701033832107812,0.7794236743867905,0.9743614290033843,0.0,0.05246859335618914,0.09391504351894406,0.0,0.0,0.0,0.0,0.43459939624721344,0.22008577267618212,1
0.1889461963304123,0.9618572232988856,0.22571936469113635,0.053129401835093196,0.5742066498598062,0.0,0.0,0.0,0.0,0.04393087698084484,0.0,0.0,0.0,0.0,0.43317188622969127,0.4161186127161229,1
0.23043845351426465,0.10009546317334364,0.13013116980540526,0.024950307968274178,0.48323004290362304,0.7685961513006468,0.9622849409516722,0.0,0.04304089594663856,0.265306545136726,0.0,0.0,0.0,0.0,0.3237621702909428,0.5313952535580964,0
0.09730374230851671,0.0467793862944407,0.06326586830423643,0.980176440325056,0.674298774181314,0.0,0.0,0.0,0.0,0.18580303624107342,0.0,0.0,0.0,0.0,0.28176126179198113,0.512075707393198,1
0.20641366712223866,0.024077515757817802,0.28155893504193913,0.01811832790500828,0.5359273822678888,0.0,0.0,0.0,0.0,0.9757282978275501,0.0,0.0,0.0,0.0,0.16409024039060252,0.26837456096833934,1
0.025238298677814852,0.07862078151188022,0.03007366911686299,0.0016592480632597884,0.5632030778507697,0.0,0.0,0.0,0.0,0.9264515803988839,0.0,0.0,0.0,0.0,0.4339788822777615,0.5898762384194205,1
0.08331572620525314,0.007186036437194599,0.2780749038993324,0.021369814157032842,0.39400285185698347,0.0,0.0,0.0,0.0,0.28402681055211093,0.0,0.0,0.0,0.0,0.41264619167855965,0.3254826048208261,0
0.10923383250314983,0.11324300315052332,0.0018772413079410687,0.006188570168047525,0.8416946416090025,0.8415179116120413,0.9352615300026819,0.9161817698304975,0.026393063924792348,0.15395492512703363,0.0,0.0,0.0,0.0,0.17777905777267544,0.2372784478250779,1
0.0678237213031688,0.16346106244264735,0.27911952605079765,0.009536092127300356,0.4150410475983577,0.0,0.0,0.0,0.0,0.06333778276741121,0.0,0.0,0.0,0.0,0.4009873350345977,0.22051753959248624,0
0.10032035369662459,0.07891446306378476,0.15898217607906986,0.016136735838838314,0.500397114798515,0.0,0.0,0.0,0.0,0.04477484092244217,0.0,0.0,0.0,0.0,0.20726974709796533,0.3444298905364149,0
0.9964810503453412,0.006934540845213277,0.11757316888317271,0.06971636921379805,0.23540474006953782,0.0,0.0,0.0,0.0,0.26870698327998493,0.0,0.0,0.0,0.0,0.2189148817125306,0.2919975015852962,1
0.23715615308150204,0.02822151880427022,0.16367463653761993,0.95781007539653,0.13170625052915422,0.0,0.0,0.0,0.0,0.010481773921796533,0.0,0.0,0.0,0.0,0.4959025653637339,0.21200853285962876,1
0.29318397976993416,0.15876362078160794,0.19782688862459927,0.9750355462918335,0.7062710817644843,0.0,0.0,0.0,0.0,0.12335714276084732,0.0,0.0,0.0,0.0,0.27099458163610723,0.3321138670008338,1
0.00705974832422963,0.08592457277936882,0.08368142282204302,0.01291744452431104,0.1696825589661426,0.0,0.0,0.0,0.0,0.9210318556285794,0.0,0.0,0.0,0.0,0.29689292607296336,0.27800359217544635,1
0.07590790227607597,0.9787679586564549,0.03085277764724301,0.012595519637935827,0.7854060885704309,0.0,0.0,0.0,0.0,0.20294512485618132,0.0,0.0,0.0,0.0,0.3376967309234389,0.4412600480491788,1
0.08277680831416405,0.15371626618264042,0.06788172900095586,0.06923543061544142,0.26333297585452864,0.8563325424886135,0.9344740880832252,0.0,0.04374277778130784,0.017982990258392482,0.0,0.0,0.0,0.0,0.15238949719766964,0.44239878690841017,0
0.22024537771249386,0.06826372919001043,0.14355851097585676,0.09288595498455657,0.33238005331509185,0.0,0.0,0.0,0.0,0.0775774773404352,0.0,0.0,0.0,0.0,0.11114089632842977,0.45255013041930037,0
0.052394155768898866,0.059186405887323226,0.19914734245581753,0.09653027236303999,0.13529174152154644,0.9225960802138164,0.9038386162360176,0.0,0.11278391335112475,0.1500835605623281,0.0,0.0,0.0,0.0,0.12775763436167337,0.23595074069446428,0
0.27518041997330417,0.08131810747189445,0.04298443761079233,0.0714718833502036,0.3053473950087069,0.8313675768389732,0.9256099013909306,0.0,0.18005282224041408,0.23765735844050281,0.0,0.0,0.0,0.0,0.37054442714908964,0.4718532729580574,0
0.00033362825885622225,0.054390911879639736,0.0653674138880232,0.06618345851139983,0.5435981198358704,0.0,0.0,0.0,0.0,0.09705912374564746,0.0,0.0,0.0,0.0,0.3660223956026525,0.4226313714008613,0
0.028325669298144285,0.16630366662244472,0.2755192626244674,0.06497880467642995,0.17240388040233837,0.0,0.0,0.0,0.0,0.03546558668732658,0.0,0.0,0.0,0.0,0.10001228753815297,0.484854818352242,0
0.0038692409368576318,0.10805988135229994,0.2553452206277945,0.0957631646272588,0.4960214654293025,0.0,0.0,0.0,0.0,0.11399372368961838,0.0,0.0,0.0,0.0,0.3428541123534308,0.3554905391506187,0
0.09447553337666871,0.019328966857550457,0.053069085247195176,0.09873361585795459,0.4108724898346331,0.0,0.0,0.0,0.0,0.17481433480340444,0.0,0.0,0.0,0.0,0.4249895284176687,0.3307764097346701,0
0.20175217880209473,0.13643833785101975,0.09457183039483524,0.01332099241366287,0.542677379525856,0.0,0.0,0.0,0.0,0.21018344891833549,0.0,0.0,0.0,0.0,0.4013888442638387,0.5491437686262658,0
0.185751820609751,0.9649037825262411,0.00770689346082245,0.02845413856769338,0.4101235944363336,0.0,0.0,0.0,0.0,0.03766493696954313,0.0,0.0,0.0,0.0,0.4853919789897311,0.24321782375056286,1
0.23145361859954627,0.13038017311249214,0.2497251550230758,0.09754730283140219,0.43191500739039057,0.0,0.0,0.0,0.0,0.27976337680573526,0.0,0.0,0.0,0.0,0.30928522198834996,0.3087146064320517,0
0.19588489744135265,0.030783901956581008,0.29310950296355276,0.054477222698278885,0.19498182245459553,0.0,0.0,0.0,0.0,0.2989696968866947,0.0,0.0,0.0,0.0,0.3801727196626016,0.5081788884295959,0
0.1589141898325103,0.14647768931951097,0.9743351797171922,0.09751799759755084,0.6832430496176721,0.7757543767455075,0.9739785529793747,0.0,0.12562390624871436,0.27919274290558793,0.0,0.0,0.0,0.0,0.37044201032574076,0.3228955847390882,1
0.03613420199896963,0.11690862265189164,0.29079654368525365,0.037783921372718667,0.14342573454014707,0.0,0.0,0.0,0.0,0.19743066541694762,0.0,0.0,0.0,0.0,0.49909975560408026,0.3806957903925775,0
0.03454385351856034,0.17665472028524476,0.1244476966564056,0.03872744114248414,0.5617831910513321,0.8105083552327809,0.9166820243854124,0.0,0.012289258026157502,0.24411700311666823,0.0,0.0,0.0,0.0,0.47620158115176103,0.45950615446375437,0
0.1432248568441061,0.12036134678908945,0.174520994226356,0.040146177908904325,0.336659086556383,0.7317060056376047,0.8705136411012101,0.0,0.03253216302109703,0.22030970294766553,0.0,0.0,0.0,0.0,0.183532374197836,0.22342612211381355,0
0.2615739183841516,0.11539632248353637,0.10364425611703372,0.08030118815263206,0.47819522523119473,0.0,0.0,0.0,0.0,0.11889378764946616,0.0,0.0,0.0,0.0,0.21853032075992004,0.25738778280720803,0
0.17870394724845887,0.01612308103392035,0.2818705767075497,0.0755133617445196,0.510636742798564,0.0,0.0,0.0,0.0,0.18902793805849902,0.0,0.0,0.0,0.0,0.4314611624473157,0.5133878240197071,0
0.0373037524292611,0.17502672372423045,0.2912820748813856,0.9574570412969868,0.6054462449426498,0.0,0.0,0.0,0.0,0.17419356777289022,0.0,0.0,0.0,0.0,0.4743748992994238,0.4689002749176779,1
0.1853794679538894,0.06836945709961842,0.2621624866563055,0.0012907227980991976,0.2586834564524466,0.0,0.0,0.0,0.0,0.9902403276110675,0.0,0.0,0.0,0.0,0.14658357219268503,0.2508384960873757,1
0.0648998332892481,0.08851546918656308,0.01450881331463426,0.08204875844802749,0.6784385676651308,0.8470001158574071,0.8635585200089101,0.0,0.1599566728891567,0.16640610743651016,0.0,0.0,0.0,0.0,0.43037292342000655,0.45258351703320826,0
0.12424232046469985,0.1915891719852275,0.1623341474636534,0.06050895185405384,0.2543413475903245,0.8564126973568191,0.9028893769069299,0.0,0.03696767958940499,0.017876129205943114,0.0,0.0,0.0,0.0,0.34174372788590845,0.5054769077401282,0
0.19995659300791047,0.01602114532192045,0.13255011144058637,0.01633667583984202,0.22912133574191837,0.0,0.0,0.0,0.0,0.11933803227872945,0.0,0.0,0.0,0.0,0.30468297884588036,0.39331771398653004,0
0.04359800772615123,0.1011393487562748,0.018612425086966287,0.007115567887790975,0.5017060947739674,0.0,0.0,0.0,0.0,0.28793730612145507,1.0,1.0,0.0,1.0,0.11947793935997192,0.23920307391229645,1
0.27082913638935263,0.10497999734516766,0.13535795743521709,0.033039147366561654,0.5124502300434989,0.0,0.0,0.0,0.0,0.295209454283739,1.0,1.0,0.0,1.0,0.41859375573183233,0.5027032360987713,1
0.10744191495874333,0.1979010666768645,0.20529427467760342,0.09489806670470013,0.19978958852318093,0.0,0.0,0.0,0.0,0.0012562330883873595,0.0,0.0,0.0,0.0,0.36817373351876703,0.4567278067205741,0
0.12463290017762688,0.004801008968977772,0.10061148186523873,0.017708225539728985,0.16889693237095812,0.0,0.0,0.0,0.0,0.09460912297983524,0.0,0.0,0.0,0.0,0.2572588517976061,0.29476959755868937,0
0.23925421358894575,0.13550916103675517,0.16407866279564307,0.04750898728667681,0.7457039985592872,0.7181837369446671,0.8505081463828249,0.0,0.06998757071414281,0.23472774366383634,0.0,0.0,0.0,0.0,0.49700584806478854,0.29626820590286124,0
0.990679732998194,0.07986651603984452,0.12290186078775572,0.09782206685265583,0.22662433096522885,0.0,0.0,0.0,0.0,0.12600330128869885,0.0,0.0,0.0,0.0,0.33134390524661606,0.5330447093304524,1
0.28715908905577037,0.1780276106893828,0.19568253326971505,0.04596445973857374,0.5730329050266567,0.0,0.0,0.0,0.0,0.18984078319845207,0.0,0.0,0.0,0.0,0.4075680178284674,0.5976326618582302,0
0.17153679478079414,0.08681043521619135,0.03827105237141126,0.04090851486348762,0.34806402809029474,0.0,0.0,0.0,0.0,0.916145783406424,0.0,0.0,0.0,0.0,0.4754659253173489,0.3399417536723418,1
0.16604153286295495,0.1140573877462781,0.06303215787370554,0.07422713922522868,0.11763936637474876,0.7887079638857906,0.940438276736414,0.0,0.11277858421108047,0.07834872975325807,0.0,0.0,0.0,0.0,0.3779812477372191,0.42695637766242933,0
0.18303237661087038,0.09763553506216281,0.03995463770025702,0.026133301788538378,0.39336963104195977,0.0,0.0,0.0,0.0,0.0019393073369131653,1.0,1.0,0.0,1.0,0.2984956887603256,0.31425039542489724,1
0.09560688119715707,0.02093519410710667,0.03857894578816575,0.05738505979750267,0.14263135316964534,0.0,0.0,0.0,0.0,0.037612604770161984,0.0,0.0,0.0,0.0,0.2014451083438833,0.4568346029409596,0
0.03650859201800168,0.1176187275210894,0.09482330515297922,0.06269684345287166,0.665876417612816,0.8529116048474981,0.8532345612671037,0.0,0.05114874030966008,0.0982262876200344,0.0,0.0,0.0,0.0,0.16584820529460192,0.272468740340008,0
0.13079855417117575,0.11880989311336224,0.17689604854546429,0.006737687152192574,0.6820785504363659,0.0,0.0,0.0,0.0,0.2144698602273941,0.0,0.0,0.0,0.0,0.33159105862165805,0.20584359884355316,0
0.1162353887767616,0.17269597898256261,0.0926406826048846,0.029353479245866045,0.8990848252235009,0.7831952172401988,0.9003328935765537,0.9658702016582541,0.14140305885451818,0.19877037532163552,0.0,0.0,0.0,0.0,0.42308712799259185,0.5543655981989699,1
0.08616636276154524,0.9955862938456388,0.014766274362228481,0.02310808528744962,0.7281700022246005,0.0,0.0,0.0,0.0,0.25773352729407495,0.0,0.0,0.0,0.0,0.3000233036764347,0.4699572812216619,1
0.15366441230311548,0.1360958925048748,0.2795093921043506,0.062037125212372105,0.6626286652082339,0.0,0.0,0.0,0.0,0.2658864649367153,0.0,0.0,0.0,0.0,0.16054846850531,0.2607544689346521,0
0.054737412195747015,0.19304192770914705,0.12845518196015185,0.06320192084224364,0.6082778815412458,0.0,0.0,0.0,0.0,0.0939799429741831,0.0,0.0,0.0,0.0,0.35442736814089026,0.35931221963562177,0
0.2764540175722254,0.16241552220173583,0.24756341137788931,0.07950580176061312,0.32661157792729656,0.8912984584385979,0.8257690444060147,0.0,0.1315432294551907,0.1924705700054983,0.0,0.0,0.0,0.0,0.11022791963589387,0.5151880534363726,0
0.24371721725584525,0.01648119437238964,0.1799903574783198,0.048564686533427714,0.4821464733163,0.9315513004710863,0.9568367445044337,0.0,0.15701673144795142,0.0821095373035113,0.0,0.0,0.0,0.0,0.4647274514744367,0.23900307698555012,0
0.01613169349859501,0.13387139684814967,0.06938397849478663,0.024357112586463194,0.31423301636014006,0.0,0.0,0.0,0.0,0.13362285633173604,0.0,0.0,0.0,0.0,0.13370215096718852,0.47306104201767957,0
0.2613754882195958,0.057888178993641654,0.2349646363970036,0.08032449046648063,0.7905941798800874,0.0,0.0,0.0,0.0,0.9717464990611913,0.0,0.0,0.0,0.0,0.3553402309681727,0.3228582592416846,1
0.2547294059876028,0.0766794282116518,0.05048357655231384,0.08364421924698698,0.48423674214805024,0.7472989480975887,0.9296691197455602,0.0,0.10222272769790011,0.18129389467209595,0.0,0.0,0.0,0.0,0.2843593352826328,0.5314835935272025,0
0.03162041321893868,0.16777077238081378,0.20130389415987293,0.06970241660042996,0.35408798828271015,0.0,0.0,0.0,0.0,0.1223334103218488,1.0,1.0,0.0,1.0,0.4545521447840567,0.2188786806789516,1
0.2587489522204756,0.046614562378166996,0.2085562398630197,0.06296283449385927,0.7044392258583808,0.0,0.0,0.0,0.0,0.2986422457040443,0.0,0.0,0.0,0.0,0.46460589034634037,0.2886069088452423,0
0.15826909469982595,0.034319273413038,0.05023792335539655,0.046259354710515316,0.1232875798185509,0.7304720206330676,0.8748550410934306,0.0,0.012625981841593293,0.11902651693665879,0.0,0.0,0.0,0.0,0.289602506379378,0.38050664562924574,0
0.140394138743413,0.08214184907833325,0.24528701349134585,0.08950566039998331,0.6972697284379823,0.8683866445328476,0.8247251142743613,0.0,0.05537399389840245,0.01381891910459323,0.0,0.0,0.0,0.0,0.47232962999604566,0.4643194118763641,0
0.2536960566832027,0.05192065674169571,0.0004931271337349052,0.0376414962520694,0.4995330366713514,0.8196762144913806,0.9551737056637875,0.0,0.02108105719123339,0.16614703219011767,0.0,0.0,0.0,0.0,0.305191739928363,0.3125571928688652,0
0.21985775619954928,0.17523849565391122,0.21683538018645634,0.023184129171472646,0.5938938981547838,0.0,0.0,0.0,0.0,0.9035590230806476,0.0,0.0,0.0,0.0,0.38440038477992455,0.2937997910696375,1
0.06981850467466555,0.010766104981691817,0.05696259872877599,0.003895784634846422,0.37426762623202015,0.0,0.0,0.0,0.0,0.9671587742938926,0.0,0.0,0.0,0.0,0.30355762802795205,0.5445782744085297,1
0.1604900020228332,0.007539544982970559,0.24242034513480676,0.03207245244599576,0.49370056188254474,0.7698613268297256,0.9408500259884529,0.0,0.17730050532838051,0.11959274826391919,0.0,0.0,0.0,0.0,0.44516895740439566,0.30683000298253293,0
0.09776440278473711,0.19080845301561716,0.036563850534415084,0.0018275069723506232,0.7328947468047335,0.0,0.0,0.0,0.0,0.0411062730108962,1.0,1.0,0.0,1.0,0.31503385027702635,0.27396811898685774,1
0.08740832185132334,0.08347895646582959,0.11306006410415655,0.08759049249998946,0.7337092993073608,0.0,0.0,0.0,0.0,0.2860208638146285,0.0,0.0,0.0,0.0,0.12409077796011898,0.3190601110273122,0
0.04928605298172278,0.15663228618473946,0.03674935858979676,0.06349066591531628,0.18669221869407224,0.7176339093982391,0.9636973106634578,0.0,0.038025753263741136,0.24637504636791127,0.0,0.0,0.0,0.0,0.31785234844285437,0.23114260784350785,0
0.25789360360578195,0.03376200115691284,0.25618286464255585,0.0013228812905293986,0.4582463195986365,0.0,0.0,0.0,0.0,0.24588746086429347,0.0,0.0,0.0,0.0,0.45527653986452166,0.2796878743348306,0
0.11311617930050964,0.07866413407703775,0.16336659739640264,0.01598797633664414,0.5838726646501926,0.0,0.0,0.0,0.0,0.23893216845704318,0.0,0.0,0.0,0.0,0.3957876932954909,0.4582137425642089,0
0.026233950539965634,0.07547263535933016,0.12405495908698774,0.003981143944575383,0.2917916696289803,0.9389123668166223,0.9716538694093441,0.0,0.07046541085050786,0.012930032684497217,0.0,0.0,0.0,0.0,0.17163797573127262,0.35688711737341605,0
0.22905475310046366,0.021736507874938416,0.29437727321738305,0.0381616499109135,0.6426641772293392,0.7856477707027829,0.9129803978885855,0.0,0.03840321694800735,0.04380630578908876,0.0,0.0,0.0,0.0,0.4752256558272525,0.5670589111617734,0
0.24248046336488346,0.9983871412416858,0.10043671256720374,0.031370312475715624,0.5449517253668293,0.0,0.0,0.0,0.0,0.24431517620072443,0.0,0.0,0.0,0.0,0.2528493977839893,0.25290748603939267,1
0.16931861410169688,0.18659132510564547,0.17595353431123462,0.0526082518417403,0.8051610374727096,0.8781664047466361,0.834768801513518,0.6714648313795979,0.09426165491482424,0.14175463284587556,0.0,0.0,0.0,0.0,0.2512898060973379,0.40691739286090123,1
0.20701406652283488,0.0632202623093941,0.01672225607623252,0.060981276154811706,0.2685626712512213,0.0,0.0,0.0,0.0,0.08939317064875313,0.0,0.0,0.0,0.0,0.13590380022406287,0.564330505874526,0
0.03697423743976543,0.061535817895589706,0.27781786794547964,0.016169455327398687,0.7760826238028329,0.0,0.0,0.0,0.0,0.26534361827902775,0.0,0.0,0.0,0.0,0.3215973022012524,0.4138236876625234,0
0.27494674533465424,0.06556763977000682,0.11162467648886877,0.07598236584283885,0.33717643769596517,0.0,0.0,0.0,0.0,0.2642685481634257,0.0,0.0,0.0,0.0,0.1198423633397931,0.3028250768756835,0
0.22317155619064558,0.18384160621074505,0.12713103597927702,0.034213260011189496,0.7730855124962964,0.8112131082068852,0.888028712080871,0.0,0.07032997446838107,0.2728645419036415,0.0,0.0,0.0,0.0,0.3275821933127403,0.5048698348726579,0
0.130108299396114,0.16969435488125295,0.10897660550274307,0.07939351334518513,0.758694625802106,0.0,0.0,0.0,0.0,0.25351189466899277,0.0,0.0,0.0,0.0,0.2580213351427184,0.2205053836703993,0
0.13510511573423784,0.14979263017207972,0.10709472884059916,0.06347441411040296,0.23049386339778222,0.0,0.0,0.0,0.0,0.9106125585490996,0.0,0.0,0.0,0.0,0.39944348343273295,0.3930404942646083,1
0.11873330389812922,0.12263038222060359,0.2416806656310715,0.02996686838414908,0.7734714729155193,0.0,0.0,0.0,0.0,0.20001945895727694,0.0,0.0,0.0,0.0,0.30438829721802485,0.3715057164458734,0
0.10738835835982939,0.06673217812673853,0.11630854645170202,0.013836820088819002,0.6167177893757906,0.0,0.0,0.0,0.0,0.2102597097376286,0.0,0.0,0.0,0.0,0.442220449374349,0.36731644443739436,0
0.15470296532312192,0.0994507773181756,0.053524828969048734,0.010815501457335674,0.8330395311625892,0.8535332940468795,0.8586484251235008,0.5440672154883457,0.038347243478053294,0.1666491840508894,0.0,0.0,0.0,0.0,0.33356771570445415,0.28279744049802324,1
0.054545295851201624,0.983346372372934,0.04964993239909669,0.07066041289942178,0.47474343764315974,0.0,0.0,0.0,0.0,0.01244919765297191,0.0,0.0,0.0,0.0,0.2288270140782919,0.42389786453347,1
0.28593603431824133,0.1438490401151664,0.279049560858765,0.05275879732721657,0.2812329923551977,0.7132066715911805,0.9306952732670931,0.0,0.024260599601106825,0.09083253848159015,0.0,0.0,0.0,0.0,0.31298836315355894,0.42576663511189905,0
0.11392122144649462,0.12343884542339334,0.2909456593901354,0.07276311376996887,0.7458226299657705,0.0,0.0,0.0,0.0,0.2000056955677539,0.0,0.0,0.0,0.0,0.34935182638396284,0.4409876681829066,0
0.10033275813543122,0.10386253852846064,0.05926677170354347,0.08051743973603769,0.23004386828909548,0.0,0.0,0.0,0.0,0.1313150474800624,0.0,0.0,0.0,0.0,0.21070165278052344,0.42326847355617625,0
0.9908540303016272,0.1004743639944191,0.09836519820547755,0.07371324139566392,0.12569906043814666,0.0,0.0,0.0,0.0,0.0036009081818047625,0.0,0.0,0.0,0.0,0.32112595028733965,0.4962654324266504,1
0.15540312941282938,0.12283724886380228,0.8407185692702768,0.04834980851068038,0.40040464437082535,0.7187239605004959,0.8191088636385442,0.0,0.16749450392375492,0.07194598566197707,0.0,0.0,0.0,0.0,0.17798330859945222,0.4019645805000557,1
0.13987598445835062,0.15838712459275284,0.8577788433923702,0.04249535190624304,0.3680182030989285,0.8797689051277029,0.898553219130799,0.0,0.18875562227367382,0.07526709496023143,0.0,0.0,0.0,0.0,0.14022509283337775,0.35730459403968606,1
0.17127211612564344,0.06648533843487303,0.09465995419894065,0.010662361893659789,0.35675882445238793,0.7248736672182411,0.9379872700481693,0.0,0.19325485954963717,0.29102233700001207,0.0,0.0,0.0,0.0,0.4460284397501576,0.44031685973584767,0
0.18923112605178619,0.0911299098879755,0.14460520193307974,0.0757776560375158,0.29734284891807616,0.7795099029236299,0.9664355224031546,0.0,0.011244858970194449,0.14569028952400212,0.0,0.0,0.0,0.0,0.46512032016314475,0.4441452031272628,0
0.10298264671933448,0.1704096831609386,0.16776543953053744,0.05147421937567799,0.16970579947802025,0.7040070391137807,0.9734633339636688,0.0,0.07539723345736833,0.18096391862985128,0.0,0.0,0.0,0.0,0.131886029274914,0.47324571428921863,0
0.03783459671262317,0.11634430549469535,0.2299041639313957,0.04064165365740187,0.7158864235590275,0.8621707383393411,0.9618648052920564,0.0,0.12470106224946745,0.03938639160144727,0.0,0.0,0.0,0.0,0.22387668444207565,0.28071797930098275,0
0.9984726940996272,0.06019326392632434,0.055213431615064056,0.07564510879889119,0.43191056211535583,0.0,0.0,0.0,0.0,0.09785107623847605,0.0,0.0,0.0,0.0,0.28742279783645386,0.25918333364376234,1
0.2856286954958771,0.0683731537596302,0.29574109783509145,0.08386088875339623,0.6659993739031732,0.0,0.0,0.0,0.0,0.0905428108988081,0.0,0.0,0.0,0.0,0.11495879616351892,0.4021461026023718,0
0.18635589665822497,0.024149327179336023,0.29308966383798674,0.9882658149762693,0.41169181733529325,0.0,0.0,0.0,0.0,0.12859328376255952,0.0,0.0,0.0,0.0,0.35140086809448157,0.2860622486496222,1
0.06144072271686285,0.1595996070438448,0.8073634883198264,0.006379455625359787,0.3710561988471449,0.7706913642650246,0.8548082763837255,0.0,0.19658937591094017,0.19283322404397837,0.0,0.0,0.0,0.0,0.3870704631173999,0.5906470549260037,1
0.1921142239932723,0.17010084566571942,0.8052927934526135,0.054257332696595564,0.5575107390310939,0.7684971953857545,0.9067501141941243,0.0,0.09784545094998386,0.04000334019491112,0.0,0.0,0.0,0.0,0.1970177106331883,0.3166773802886344,1
0.11080623902682969,0.1327485477250774,0.03547151774164215,0.09539452124937761,0.7058998540663352,0.0,0.0,0.0,0.0,0.10168343260453461,0.0,0.0,0.0,0.0,0.41826409226457684,0.23099318951695436,0
0.07692390830968254,0.18679559482890384,0.03931758924128711,0.07973943579077786,0.4555640843344858,0.8875826939549889,0.8559287590960606,0.0,0.10289792046240775,0.25705060491695286,0.0,0.0,0.0,0.0,0.28675123964924176,0.34388794476410783,0
0.13306900364955082,0.1877753950284546,0.96065985716703,0.047546360616912045,0.6298493615390091,0.8722802726239395,0.9554553894350881,0.0,0.1993618361362218,0.12805749863852686,0.0,0.0,0.0,0.0,0.14446035191332474,0.2121663523231872,1
0.24793938284765488,0.11153773823709055,0.016383090964040715,0.09718453013254846,0.45883067087223994,0.0,0.0,0.0,0.0,0.09147093731551904,0.0,0.0,0.0,0.0,0.17707055859468013,0.2516284987723526,0
0.1414879095585785,0.045496320738708,0.04985549988292476,0.03327294765103791,0.7579470610199962,0.0,0.0,0.0,0.0,0.05374917548704526,1.0,1.0,0.0,1.0,0.45645603671740376,0.38414214925393075,1
